,0,1,2,3,4,5,6,7,8,9,10,11,12,13,14,15,16,17,18,19,20,21,22,23,24,25,26,27,28,29,30,31,32,33,34,35,36,37,38,39,40,41,42,43,44,45,46,47,48,49,50,51,52,53,54,55,56,57,58,59,60,61,62,63,64,65,66,67,68,69,70,71,72,73,74,75,76,77,78,79,80,81,82,83,84,85,86,87,88,89,90,91,92,93,94,95,96,97,98,99,100,101,102,103,104,105,106,107,108,109,110,111,112,113,114,115,116,117,118,119,120,121,122,123,124,125,126,127,128,129,130,131,132,133,134,135,136,137,138,139,140,141,142,143,144,145,146,147,148,149,150,151,152,153,154,155,156,157,158,159,160,161,162,163,164,165,166,167,168,169,170,171,172,173,174,175,176,177,178,179,180,181,182,183,184,185,186,187,188,189,190,191,192,193,194,195,196,197,198,199,200,201,202,203,204,205,206,207,208,209,210,211,212,213,214,215,216,217,218,219,220,221,222,223,224,225,226,227,228
0,32,36,35,37,29,37,22,43,28,37,27,28,28,46,48,49,39,58,35,64,21,68,39,42,35,41,25.0,73.0,57.0,46.0,49.0,37.0,47.0,40.0,29.0,47.0,37.0,37.0,0.0,-25.0,-93.0,-97.0,-173.0,-81.0,-114.0,-91.0,-114.0,-96.0,-109.0,-96.0,-148.0,-94.0,-111.0,-95.0,-107.0,-84.0,-95.0,-39.0,-41.0,-15.0,-20.0,-26.0,-36.0,-14.0,-16.0,-20.0,-34.0,-15.0,-135.0,-82.0,-207.0,-188.0,-220.0,-63.0,-68.0,-86.0,-67.0,-66.0,-41.0,-56.0,-41.0,-58.0,-68.0,-70.0,-52.0,-58.0,-33.0,-23.0,-11.0,-13.0,-18.0,-21.0,-18.0,-18.0,-21.0,-21.0,-21.0,-20.0,-51.0,-49.0,-80.0,-24.0,-16.0,-16.0,-15.0,-15.0,-108.0,-57.0,-29.0,-40.0,-77.0,-55.0,-69.0,-66.0,-60.0,-51.0,-236.0,-211.0,-261.0,-310.0,-343.0,-314.0,-310.0,-313.0,-333.0,-352.0,-333.0,-25.0,-60.0,-26.0,-714.0,-755.0,-804.0,-804.0,-804.0,-807.0,-808.0,-973.0,,,,,,,,,,,,,,,,,,,,,,,,,,,,,,,,,,,,,,,,,,,,,,,,,,,,,,,,,,,,,,,,,,,,,,,,,,,,,,,,,,,,,,,,,,,
1,30,25,12,48,40,40,54,62,48,60,26,31,34,31,43,54,41,60,27,80,85,89,79,105,54,51,50.0,67.0,48.0,64.0,50.0,49.0,0.0,164.0,141.0,136.0,58.0,71.0,65.0,62.0,50.0,69.0,62.0,40.0,41.0,69.0,29.0,34.0,6.0,150.0,39.0,23.0,30.0,74.0,98.0,106.0,158.0,107.0,77.0,191.0,171.0,139.0,0.0,0.0,-63.0,120.0,72.0,185.0,0.0,50.0,16.0,0.0,0.0,0.0,0.0,0.0,0.0,0.0,0.0,0.0,0.0,0.0,0.0,0.0,0.0,0.0,0.0,0.0,0.0,0.0,0.0,0.0,0.0,0.0,-11.0,-21.0,-12.0,-8.0,-15.0,0.0,-5.0,0.0,0.0,0.0,0.0,0.0,0.0,,,,,,,,,,,,,,,,,,,,,,,,,,,,,,,,,,,,,,,,,,,,,,,,,,,,,,,,,,,,,,,,,,,,,,,,,,,,,,,,,,,,,,,,,,,,,,,,,,,,,,,,,,,,,,,,,,,,,,,,,,
2,13,37,18,32,17,37,2,28,14,38,35,21,25,21,14,50,31,45,43,34,37,51,54,47,46,58,27.0,26.0,25.0,21.0,12.0,3.0,-7.0,70.0,67.0,64.0,60.0,62.0,26.0,48.0,33.0,50.0,25.0,34.0,27.0,35.0,31.0,37.0,-1.0,15.0,-12.0,25.0,8.0,42.0,12.0,24.0,15.0,1.0,24.0,48.0,32.0,39.0,28.0,35.0,30.0,44.0,15.0,29.0,61.0,62.0,53.0,50.0,36.0,24.0,28.0,22.0,37.0,34.0,23.0,15.0,42.0,21.0,26.0,30.0,20.0,8.0,0.0,43.0,0.0,,,,,,,,,,,,,,,,,,,,,,,,,,,,,,,,,,,,,,,,,,,,,,,,,,,,,,,,,,,,,,,,,,,,,,,,,,,,,,,,,,,,,,,,,,,,,,,,,,,,,,,,,,,,,,,,,,,,,,,,,,,,,,,,,,,,,,,,,,,,
3,27,44,46,39,18,19,22,12,14,30,29,17,8,28,15,29,14,24,-9,21,14,28,-18,-5,-24,-6,-12.0,0.0,0.0,4.0,-34.0,-12.0,-30.0,-17.0,-21.0,-16.0,-36.0,-11.0,0.0,1.0,-25.0,0.0,-24.0,-7.0,-11.0,-14.0,-10.0,0.0,-9.0,0.0,-2.0,0.0,-18.0,-17.0,-23.0,-27.0,-16.0,-5.0,-37.0,-21.0,-35.0,-16.0,-34.0,-18.0,-31.0,-26.0,-33.0,0.0,0.0,0.0,0.0,0.0,-88.0,-24.0,-17.0,-6.0,-92.0,-52.0,-61.0,-23.0,-25.0,-24.0,-51.0,-18.0,-58.0,-34.0,-50.0,-28.0,-40.0,-59.0,-49.0,-39.0,-52.0,-27.0,-55.0,-36.0,-17.0,-24.0,-25.0,-20.0,-46.0,-30.0,-18.0,0.0,0.0,0.0,0.0,0.0,0.0,0.0,0.0,0.0,0.0,0.0,0.0,0.0,0.0,0.0,0.0,0.0,0.0,0.0,0.0,0.0,0.0,0.0,0.0,0.0,,,,,,,,,,,,,,,,,,,,,,,,,,,,,,,,,,,,,,,,,,,,,,,,,,,,,,,,,,,,,,,,,,,,,,,,,,,,,,,,,,,,,,,,,,,,,,,,,,,,,
4,22,33,29,48,27,48,30,42,39,42,46,60,38,45,45,42,20,40,6,23,30,35,25,27,24,30,29.0,46.0,-2.0,122.0,32.0,150.0,179.0,142.0,154.0,152.0,173.0,201.0,108.0,233.0,150.0,175.0,118.0,136.0,97.0,88.0,114.0,123.0,140.0,202.0,181.0,204.0,175.0,276.0,244.0,286.0,295.0,347.0,349.0,375.0,367.0,427.0,431.0,451.0,486.0,514.0,521.0,624.0,646.0,689.0,547.0,707.0,746.0,1302.0,1513.0,,,,,,,,,,,,,,,,,,,,,,,,,,,,,,,,,,,,,,,,,,,,,,,,,,,,,,,,,,,,,,,,,,,,,,,,,,,,,,,,,,,,,,,,,,,,,,,,,,,,,,,,,,,,,,,,,,,,,,,,,,,,,,,,,,,,,,,,,,,,,,,,,,,,,,,,,,
5,24,28,17,22,25,51,24,14,9,25,34,31,22,31,9,81,82,105,95,122,120,144,120,137,-15,-4,-10.0,-11.0,-24.0,64.0,60.0,47.0,-30.0,64.0,5.0,14.0,-348.0,-379.0,-437.0,-455.0,-462.0,-445.0,-525.0,-352.0,,,,,,,,,,,,,,,,,,,,,,,,,,,,,,,,,,,,,,,,,,,,,,,,,,,,,,,,,,,,,,,,,,,,,,,,,,,,,,,,,,,,,,,,,,,,,,,,,,,,,,,,,,,,,,,,,,,,,,,,,,,,,,,,,,,,,,,,,,,,,,,,,,,,,,,,,,,,,,,,,,,,,,,,,,,,,,,,,,,,,,,,,
6,34,35,25,38,27,52,24,36,48,49,33,57,19,25,11,25,14,20,20,25,19,26,16,25,20,52,31.0,46.0,25.0,34.0,19.0,75.0,43.0,12.0,-2.0,7.0,16.0,-7.0,-4.0,105.0,126.0,125.0,120.0,132.0,114.0,149.0,108.0,169.0,62.0,161.0,160.0,218.0,163.0,207.0,176.0,188.0,76.0,152.0,0.0,0.0,0.0,0.0,0.0,0.0,0.0,,,,,,,,,,,,,,,,,,,,,,,,,,,,,,,,,,,,,,,,,,,,,,,,,,,,,,,,,,,,,,,,,,,,,,,,,,,,,,,,,,,,,,,,,,,,,,,,,,,,,,,,,,,,,,,,,,,,,,,,,,,,,,,,,,,,,,,,,,,,,,,,,,,,,,,,,,,,,,,,,,,,
7,25,47,43,48,30,47,26,26,18,29,31,46,41,46,34,42,25,23,37,40,27,30,31,45,48,54,39.0,50.0,41.0,61.0,48.0,40.0,32.0,67.0,54.0,54.0,44.0,56.0,46.0,52.0,10.0,40.0,43.0,44.0,47.0,51.0,26.0,34.0,28.0,37.0,15.0,16.0,12.0,24.0,16.0,32.0,29.0,21.0,31.0,28.0,0.0,8.0,0.0,0.0,0.0,0.0,5.0,0.0,-14.0,11.0,-21.0,-16.0,-96.0,-87.0,-36.0,-21.0,-19.0,-19.0,-20.0,-1.0,0.0,-2.0,-4.0,-4.0,-9.0,-6.0,-10.0,-3.0,-4.0,0.0,-5.0,0.0,-2.0,0.0,0.0,0.0,0.0,0.0,0.0,50.0,50.0,,,,,,,,,,,,,,,,,,,,,,,,,,,,,,,,,,,,,,,,,,,,,,,,,,,,,,,,,,,,,,,,,,,,,,,,,,,,,,,,,,,,,,,,,,,,,,,,,,,,,,,,,,,,,,,,,,,,,,,,,,,,,,,,
8,22,34,19,25,13,17,16,16,5,45,27,28,24,37,23,28,9,55,2,31,-9,41,28,50,7,82,59.0,69.0,44.0,92.0,87.0,113.0,30.0,54.0,74.0,39.0,0.0,137.0,0.0,31.0,18.0,112.0,0.0,20.0,3.0,9.0,17.0,24.0,-70.0,-40.0,-47.0,-65.0,-21.0,-28.0,-35.0,0.0,-70.0,-66.0,-85.0,-69.0,-86.0,-60.0,-85.0,-79.0,-86.0,-87.0,-100.0,-30.0,-112.0,-65.0,-64.0,-43.0,-41.0,-37.0,-41.0,-37.0,-38.0,-37.0,-41.0,-39.0,-37.0,-25.0,-80.0,-9.0,-5.0,-3.0,-15.0,0.0,-12.0,0.0,0.0,-2.0,-2.0,0.0,0.0,0.0,0.0,0.0,0.0,0.0,0.0,0.0,0.0,0.0,0.0,0.0,0.0,,,,,,,,,,,,,,,,,,,,,,,,,,,,,,,,,,,,,,,,,,,,,,,,,,,,,,,,,,,,,,,,,,,,,,,,,,,,,,,,,,,,,,,,,,,,,,,,,,,,,,,,,,,,,,,,,,,,,,,,,,
9,13,40,23,46,9,40,10,8,20,25,17,14,6,26,20,27,22,14,12,37,10,43,20,44,4,38,23.0,41.0,51.0,65.0,58.0,56.0,54.0,86.0,72.0,106.0,76.0,98.0,106.0,117.0,137.0,142.0,170.0,168.0,154.0,145.0,133.0,144.0,105.0,250.0,155.0,173.0,175.0,189.0,176.0,162.0,139.0,307.0,312.0,322.0,239.0,304.0,301.0,309.0,343.0,419.0,437.0,465.0,483.0,476.0,462.0,468.0,500.0,456.0,466.0,507.0,485.0,456.0,493.0,548.0,512.0,586.0,581.0,,,,,,,,,,,,,,,,,,,,,,,,,,,,,,,,,,,,,,,,,,,,,,,,,,,,,,,,,,,,,,,,,,,,,,,,,,,,,,,,,,,,,,,,,,,,,,,,,,,,,,,,,,,,,,,,,,,,,,,,,,,,,,,,,,,,,,,,,,,,,,,,,,
10,25,52,21,35,22,33,27,29,22,34,11,29,3,13,6,8,-2,42,11,16,0,30,14,31,-13,-13,-107.0,-77.0,-100.0,76.0,89.0,44.0,29.0,53.0,32.0,57.0,71.0,52.0,69.0,77.0,64.0,91.0,57.0,61.0,67.0,56.0,72.0,53.0,52.0,66.0,81.0,77.0,56.0,86.0,81.0,73.0,41.0,40.0,29.0,137.0,143.0,95.0,30.0,160.0,104.0,159.0,134.0,237.0,287.0,325.0,352.0,418.0,413.0,418.0,401.0,416.0,407.0,415.0,425.0,438.0,435.0,415.0,417.0,433.0,410.0,614.0,389.0,418.0,411.0,416.0,351.0,365.0,376.0,410.0,367.0,421.0,454.0,486.0,460.0,550.0,243.0,278.0,301.0,285.0,278.0,280.0,222.0,285.0,317.0,325.0,186.0,161.0,156.0,254.0,345.0,423.0,164.0,423.0,441.0,436.0,410.0,296.0,125.0,426.0,426.0,408.0,411.0,434.0,460.0,423.0,404.0,421.0,133.0,419.0,144.0,212.0,87.0,112.0,95.0,91.0,82.0,110.0,68.0,60.0,67.0,68.0,42.0,36.0,4.0,5.0,5.0,2.0,0.0,0.0,0.0,0.0,0.0,0.0,,,,,,,,,,,,,,,,,,,,,,,,,,,,,,,,,,,,,,,,,,,,,,,,,,,,,,,,,,,,,,,,,,,,,,,
11,28,36,16,29,3,23,21,38,29,25,16,37,11,69,46,62,60,52,40,45,44,27,38,50,12,16,-47.0,-47.0,-23.0,-38.0,-41.0,0.0,0.0,0.0,12.0,0.0,0.0,-6.0,-23.0,-40.0,-43.0,-18.0,0.0,0.0,0.0,0.0,0.0,0.0,0.0,0.0,-76.0,-58.0,-73.0,-41.0,-170.0,-56.0,-69.0,-52.0,-121.0,-102.0,-124.0,-42.0,-99.0,-131.0,-106.0,-36.0,-181.0,-161.0,-301.0,-114.0,-398.0,-374.0,-421.0,-448.0,-505.0,-534.0,-504.0,-769.0,-781.0,-721.0,,,,,,,,,,,,,,,,,,,,,,,,,,,,,,,,,,,,,,,,,,,,,,,,,,,,,,,,,,,,,,,,,,,,,,,,,,,,,,,,,,,,,,,,,,,,,,,,,,,,,,,,,,,,,,,,,,,,,,,,,,,,,,,,,,,,,,,,,,,,,,,,,,,,,
12,10,40,24,49,25,52,38,51,50,70,70,87,48,56,49,35,32,32,35,86,66,77,76,98,53,97,94.0,162.0,142.0,151.0,117.0,207.0,202.0,288.0,275.0,322.0,212.0,250.0,150.0,166.0,-65.0,-95.0,-126.0,3.0,-72.0,-7.0,-72.0,-76.0,-22.0,-50.0,-42.0,-28.0,-183.0,-97.0,-111.0,-77.0,-206.0,-70.0,-81.0,0.0,0.0,0.0,-247.0,-214.0,-229.0,-170.0,-312.0,-64.0,-45.0,0.0,-45.0,-47.0,-44.0,78.0,0.0,0.0,-216.0,-138.0,-217.0,0.0,0.0,38.0,4.0,18.0,47.0,33.0,33.0,21.0,19.0,17.0,-12.0,0.0,0.0,0.0,0.0,0.0,0.0,0.0,0.0,0.0,0.0,0.0,0.0,0.0,0.0,0.0,7.0,2.0,0.0,,,,,,,,,,,,,,,,,,,,,,,,,,,,,,,,,,,,,,,,,,,,,,,,,,,,,,,,,,,,,,,,,,,,,,,,,,,,,,,,,,,,,,,,,,,,,,,,,,,,,,,,,,,,,,,,,,,,,,,,
13,27,45,39,49,0,22,31,44,35,47,13,15,14,42,-4,14,24,6,-9,16,-2,0,0,27,16,130,38.0,21.0,0.0,4.0,-7.0,-36.0,-59.0,-58.0,-48.0,-41.0,-41.0,-12.0,-75.0,30.0,61.0,62.0,32.0,67.0,-49.0,9.0,-52.0,0.0,0.0,0.0,-42.0,21.0,0.0,34.0,-113.0,-68.0,-69.0,0.0,-133.0,-128.0,-176.0,-109.0,-134.0,106.0,0.0,0.0,-175.0,1.0,16.0,42.0,-91.0,-80.0,-158.0,-111.0,-131.0,-120.0,-112.0,0.0,-102.0,-58.0,-110.0,-75.0,-145.0,-136.0,-159.0,-150.0,-163.0,-151.0,-300.0,-384.0,-484.0,-542.0,-562.0,-568.0,-710.0,-716.0,-778.0,-732.0,-2957.0,-9990.0,-9990.0,-1566.0,-7538.0,-1037.0,,,,,,,,,,,,,,,,,,,,,,,,,,,,,,,,,,,,,,,,,,,,,,,,,,,,,,,,,,,,,,,,,,,,,,,,,,,,,,,,,,,,,,,,,,,,,,,,,,,,,,,,,,,,,,,,,,,,,,,,,,,,,
14,32,23,24,39,37,29,37,45,25,32,40,37,28,75,-12,21,26,66,36,92,72,45,50,95,62,161,164.0,159.0,137.0,197.0,174.0,185.0,180.0,188.0,176.0,260.0,242.0,291.0,269.0,285.0,292.0,315.0,225.0,245.0,254.0,287.0,228.0,264.0,157.0,188.0,153.0,163.0,139.0,150.0,142.0,287.0,138.0,270.0,254.0,270.0,253.0,325.0,304.0,313.0,301.0,333.0,239.0,329.0,326.0,385.0,380.0,356.0,398.0,385.0,386.0,409.0,400.0,396.0,403.0,389.0,425.0,434.0,435.0,437.0,402.0,447.0,319.0,432.0,453.0,462.0,475.0,505.0,419.0,464.0,368.0,420.0,439.0,614.0,637.0,624.0,666.0,672.0,638.0,707.0,743.0,823.0,902.0,1018.0,903.0,909.0,,,,,,,,,,,,,,,,,,,,,,,,,,,,,,,,,,,,,,,,,,,,,,,,,,,,,,,,,,,,,,,,,,,,,,,,,,,,,,,,,,,,,,,,,,,,,,,,,,,,,,,,,,,,,,,,,,,,,,,
15,37,42,39,25,15,23,2,27,25,33,30,40,0,20,13,19,0,4,0,13,9,18,-2,3,0,0,-25.0,19.0,-12.0,-17.0,-17.0,-18.0,-15.0,-18.0,-26.0,-19.0,-41.0,21.0,24.0,50.0,46.0,74.0,52.0,161.0,140.0,152.0,112.0,167.0,81.0,111.0,91.0,151.0,108.0,102.0,108.0,95.0,76.0,77.0,71.0,112.0,87.0,75.0,22.0,27.0,34.0,34.0,47.0,38.0,31.0,99.0,66.0,87.0,41.0,253.0,193.0,194.0,98.0,117.0,100.0,76.0,42.0,53.0,17.0,66.0,0.0,73.0,13.0,,,,,,,,,,,,,,,,,,,,,,,,,,,,,,,,,,,,,,,,,,,,,,,,,,,,,,,,,,,,,,,,,,,,,,,,,,,,,,,,,,,,,,,,,,,,,,,,,,,,,,,,,,,,,,,,,,,,,,,,,,,,,,,,,,,,,,,,,,,,,,
16,-2,32,21,25,32,54,0,40,25,33,18,26,24,31,18,15,9,26,25,34,5,23,4,28,10,20,18.0,22.0,8.0,25.0,8.0,60.0,36.0,87.0,69.0,67.0,7.0,7.0,-5.0,55.0,-17.0,82.0,-149.0,-217.0,-172.0,-130.0,-203.0,-115.0,-306.0,-287.0,-310.0,-316.0,-314.0,-314.0,-300.0,-237.0,-265.0,-289.0,-297.0,-190.0,-244.0,-222.0,-304.0,-202.0,-237.0,-186.0,-251.0,-295.0,-375.0,-387.0,-422.0,-370.0,-399.0,-368.0,-567.0,-655.0,-866.0,-181.0,-241.0,-207.0,-204.0,-237.0,-228.0,-144.0,-965.0,-1039.0,-1036.0,-1081.0,,,,,,,,,,,,,,,,,,,,,,,,,,,,,,,,,,,,,,,,,,,,,,,,,,,,,,,,,,,,,,,,,,,,,,,,,,,,,,,,,,,,,,,,,,,,,,,,,,,,,,,,,,,,,,,,,,,,,,,,,,,,,,,,,,,,,,,,,,,,,
17,40,44,30,34,32,61,19,48,32,28,11,25,12,32,-9,20,0,0,-5,0,0,16,-5,42,-53,9,-16.0,132.0,-39.0,-16.0,-37.0,-20.0,-22.0,-37.0,-51.0,-57.0,-63.0,-49.0,-112.0,-80.0,-132.0,-125.0,-122.0,-124.0,-96.0,-52.0,-116.0,-121.0,-140.0,-152.0,-130.0,-94.0,-93.0,-105.0,-106.0,-126.0,-121.0,-105.0,-100.0,-37.0,-54.0,-36.0,-29.0,-26.0,-24.0,-27.0,-26.0,-18.0,-18.0,-19.0,,,,,,,,,,,,,,,,,,,,,,,,,,,,,,,,,,,,,,,,,,,,,,,,,,,,,,,,,,,,,,,,,,,,,,,,,,,,,,,,,,,,,,,,,,,,,,,,,,,,,,,,,,,,,,,,,,,,,,,,,,,,,,,,,,,,,,,,,,,,,,,,,,,,,,,,,,,,,,,
18,12,35,25,39,32,44,9,21,2,16,5,12,10,25,-1,23,15,0,-31,6,-26,-30,-21,7,0,22,32.0,35.0,-38.0,-37.0,-116.0,-47.0,-50.0,-49.0,-45.0,-39.0,-45.0,-48.0,-42.0,-13.0,-18.0,-32.0,-70.0,-51.0,-102.0,-49.0,-74.0,-64.0,-56.0,-46.0,-64.0,-46.0,-44.0,-52.0,-80.0,-65.0,-64.0,-61.0,-67.0,-37.0,-71.0,-22.0,-56.0,-42.0,-65.0,-62.0,-64.0,-49.0,-65.0,-54.0,-66.0,-29.0,-11.0,-7.0,-5.0,-4.0,-5.0,0.0,0.0,0.0,0.0,0.0,0.0,0.0,0.0,0.0,0.0,0.0,0.0,0.0,0.0,0.0,,,,,,,,,,,,,,,,,,,,,,,,,,,,,,,,,,,,,,,,,,,,,,,,,,,,,,,,,,,,,,,,,,,,,,,,,,,,,,,,,,,,,,,,,,,,,,,,,,,,,,,,,,,,,,,,,,,,,,,,,,,,,,,,,,,,,,,,,
19,31,35,19,33,15,26,20,25,17,28,20,24,-4,34,0,13,-6,2,18,25,12,15,6,19,0,20,-4.0,0.0,0.0,-1.0,-43.0,35.0,15.0,33.0,-32.0,-26.0,-16.0,-30.0,-34.0,-35.0,-62.0,-55.0,-71.0,-65.0,-55.0,-54.0,-77.0,-66.0,-68.0,-58.0,-74.0,-59.0,-67.0,-63.0,-78.0,-77.0,-74.0,-73.0,-76.0,-73.0,,,,,,,,,,,,,,,,,,,,,,,,,,,,,,,,,,,,,,,,,,,,,,,,,,,,,,,,,,,,,,,,,,,,,,,,,,,,,,,,,,,,,,,,,,,,,,,,,,,,,,,,,,,,,,,,,,,,,,,,,,,,,,,,,,,,,,,,,,,,,,,,,,,,,,,,,,,,,,,,,,,,,,,,,
20,27,35,4,37,23,35,17,16,14,18,5,4,-2,8,0,15,4,11,-2,23,0,0,-6,-8,-10,0,-17.0,13.0,-67.0,-32.0,-96.0,-8.0,-104.0,-88.0,-116.0,-97.0,-106.0,-87.0,-97.0,-61.0,-103.0,-68.0,-88.0,-32.0,-44.0,-50.0,-49.0,-60.0,-63.0,-34.0,-58.0,-49.0,-57.0,-44.0,-26.0,-11.0,-22.0,-14.0,-33.0,-43.0,-75.0,-7.0,-1.0,0.0,-8.0,0.0,0.0,0.0,-22.0,,,,,,,,,,,,,,,,,,,,,,,,,,,,,,,,,,,,,,,,,,,,,,,,,,,,,,,,,,,,,,,,,,,,,,,,,,,,,,,,,,,,,,,,,,,,,,,,,,,,,,,,,,,,,,,,,,,,,,,,,,,,,,,,,,,,,,,,,,,,,,,,,,,,,,,,,,,,,,,,
21,37,49,28,84,66,64,57,77,18,24,12,19,2,12,15,7,3,-4,-17,5,2,66,51,87,70,88,58.0,62.0,66.0,74.0,49.0,65.0,74.0,0.0,0.0,0.0,0.0,0.0,-11.0,-12.0,0.0,-5.0,0.0,29.0,-10.0,0.0,-4.0,6.0,-14.0,-11.0,-2.0,-7.0,-8.0,0.0,-4.0,-1.0,0.0,0.0,-16.0,0.0,0.0,0.0,,,,,,,,,,,,,,,,,,,,,,,,,,,,,,,,,,,,,,,,,,,,,,,,,,,,,,,,,,,,,,,,,,,,,,,,,,,,,,,,,,,,,,,,,,,,,,,,,,,,,,,,,,,,,,,,,,,,,,,,,,,,,,,,,,,,,,,,,,,,,,,,,,,,,,,,,,,,,,,,,,,,,,,
22,25,47,45,64,30,32,18,23,11,12,8,11,7,18,-2,33,35,41,11,31,3,14,12,9,0,20,4.0,29.0,21.0,31.0,8.0,35.0,23.0,19.0,10.0,0.0,0.0,33.0,0.0,0.0,0.0,48.0,0.0,0.0,0.0,,,,,,,,,,,,,,,,,,,,,,,,,,,,,,,,,,,,,,,,,,,,,,,,,,,,,,,,,,,,,,,,,,,,,,,,,,,,,,,,,,,,,,,,,,,,,,,,,,,,,,,,,,,,,,,,,,,,,,,,,,,,,,,,,,,,,,,,,,,,,,,,,,,,,,,,,,,,,,,,,,,,,,,,,,,,,,,,,,,,,,,,
23,28,35,45,35,37,43,39,44,44,40,38,22,32,38,35,43,34,32,12,33,12,56,51,78,70,95,75.0,179.0,99.0,152.0,198.0,204.0,195.0,202.0,202.0,202.0,191.0,208.0,236.0,193.0,174.0,189.0,183.0,210.0,228.0,262.0,197.0,186.0,193.0,533.0,607.0,595.0,604.0,,,,,,,,,,,,,,,,,,,,,,,,,,,,,,,,,,,,,,,,,,,,,,,,,,,,,,,,,,,,,,,,,,,,,,,,,,,,,,,,,,,,,,,,,,,,,,,,,,,,,,,,,,,,,,,,,,,,,,,,,,,,,,,,,,,,,,,,,,,,,,,,,,,,,,,,,,,,,,,,,,,,,,,,,,,,,,,,
24,24,37,24,31,18,40,32,37,22,22,16,52,17,47,24,25,35,39,59,34,40,64,47,63,52,51,42.0,53.0,45.0,76.0,73.0,78.0,67.0,82.0,79.0,90.0,82.0,90.0,76.0,93.0,93.0,85.0,76.0,92.0,20.0,11.0,10.0,16.0,17.0,69.0,56.0,49.0,61.0,40.0,41.0,57.0,70.0,67.0,3.0,0.0,,,,,,,,,,,,,,,,,,,,,,,,,,,,,,,,,,,,,,,,,,,,,,,,,,,,,,,,,,,,,,,,,,,,,,,,,,,,,,,,,,,,,,,,,,,,,,,,,,,,,,,,,,,,,,,,,,,,,,,,,,,,,,,,,,,,,,,,,,,,,,,,,,,,,,,,,,,,,,,,,,,,,,,,,
25,19,59,18,29,37,56,11,14,9,26,3,8,12,8,-10,-15,-20,31,26,15,11,28,22,17,23,23,30.0,43.0,32.0,24.0,0.0,3.0,-36.0,-19.0,-57.0,-35.0,-47.0,1.0,0.0,0.0,,,,,,,,,,,,,,,,,,,,,,,,,,,,,,,,,,,,,,,,,,,,,,,,,,,,,,,,,,,,,,,,,,,,,,,,,,,,,,,,,,,,,,,,,,,,,,,,,,,,,,,,,,,,,,,,,,,,,,,,,,,,,,,,,,,,,,,,,,,,,,,,,,,,,,,,,,,,,,,,,,,,,,,,,,,,,,,,,,,,,,,,,,,,,
26,18,63,24,61,12,28,29,30,-9,2,-2,-5,-12,-12,-25,-15,-12,17,-18,-2,-1,-11,-23,-4,-10,0,-10.0,-6.0,0.0,16.0,2.0,62.0,49.0,40.0,41.0,37.0,37.0,42.0,41.0,57.0,44.0,53.0,23.0,39.0,9.0,22.0,5.0,42.0,33.0,45.0,-67.0,-40.0,-41.0,-54.0,-54.0,-25.0,-38.0,-27.0,-60.0,-59.0,-55.0,-39.0,-61.0,-57.0,-51.0,-52.0,-44.0,-42.0,-27.0,-32.0,-58.0,-56.0,-67.0,-17.0,-10.0,0.0,0.0,0.0,0.0,0.0,0.0,0.0,0.0,0.0,0.0,0.0,,,,,,,,,,,,,,,,,,,,,,,,,,,,,,,,,,,,,,,,,,,,,,,,,,,,,,,,,,,,,,,,,,,,,,,,,,,,,,,,,,,,,,,,,,,,,,,,,,,,,,,,,,,,,,,,,,,,,,,,,,,,,,,,,,,,,,,,,,,,,,,
27,20,54,19,37,30,28,-13,-11,-24,20,-10,8,-18,-5,-10,15,9,0,-1,17,1,47,-14,-19,-9,-2,-8.0,8.0,18.0,0.0,-12.0,2.0,-7.0,11.0,-5.0,-5.0,-42.0,-53.0,-59.0,,,,,,,,,,,,,,,,,,,,,,,,,,,,,,,,,,,,,,,,,,,,,,,,,,,,,,,,,,,,,,,,,,,,,,,,,,,,,,,,,,,,,,,,,,,,,,,,,,,,,,,,,,,,,,,,,,,,,,,,,,,,,,,,,,,,,,,,,,,,,,,,,,,,,,,,,,,,,,,,,,,,,,,,,,,,,,,,,,,,,,,,,,,,,,
28,37,52,38,54,25,37,29,59,4,22,22,38,16,21,25,72,61,60,0,5,-17,105,90,125,100,146,80.0,121.0,78.0,86.0,92.0,136.0,130.0,148.0,69.0,181.0,153.0,181.0,154.0,174.0,150.0,251.0,250.0,385.0,405.0,412.0,232.0,361.0,334.0,331.0,111.0,156.0,-26.0,0.0,-347.0,-298.0,-328.0,-332.0,-369.0,-19.0,-713.0,-700.0,,,,,,,,,,,,,,,,,,,,,,,,,,,,,,,,,,,,,,,,,,,,,,,,,,,,,,,,,,,,,,,,,,,,,,,,,,,,,,,,,,,,,,,,,,,,,,,,,,,,,,,,,,,,,,,,,,,,,,,,,,,,,,,,,,,,,,,,,,,,,,,,,,,,,,,,,,,,,,,,,,,,,,,
29,39,51,46,53,32,31,16,29,30,77,39,59,61,70,49,50,37,47,48,33,-3,31,-1,83,26,46,0.0,42.0,-11.0,0.0,-111.0,-91.0,-169.0,-138.0,-165.0,-75.0,-78.0,-77.0,-99.0,-111.0,-126.0,-128.0,-125.0,-117.0,-161.0,-40.0,-38.0,-24.0,-27.0,0.0,-79.0,33.0,36.0,39.0,19.0,44.0,0.0,180.0,310.0,302.0,332.0,488.0,462.0,714.0,753.0,848.0,838.0,852.0,845.0,,,,,,,,,,,,,,,,,,,,,,,,,,,,,,,,,,,,,,,,,,,,,,,,,,,,,,,,,,,,,,,,,,,,,,,,,,,,,,,,,,,,,,,,,,,,,,,,,,,,,,,,,,,,,,,,,,,,,,,,,,,,,,,,,,,,,,,,,,,,,,,,,,,,,,,,,,,,,,,,
30,28,29,0,24,1,38,43,51,45,52,39,32,21,29,31,52,11,36,32,34,31,28,26,35,8,7,11.0,9.0,-4.0,8.0,0.0,19.0,-22.0,-3.0,-31.0,2.0,0.0,1.0,-9.0,-9.0,-10.0,-25.0,-55.0,-25.0,-28.0,-15.0,-17.0,-14.0,-25.0,-31.0,-38.0,-37.0,-144.0,-97.0,-129.0,-95.0,-145.0,-92.0,-92.0,-69.0,-97.0,-29.0,-54.0,-17.0,-18.0,-14.0,-50.0,-37.0,-37.0,-26.0,-33.0,-30.0,-31.0,-29.0,-28.0,-31.0,-33.0,-21.0,-25.0,-24.0,-31.0,-24.0,-31.0,-22.0,-25.0,-6.0,-5.0,-2.0,0.0,0.0,0.0,2.0,3.0,,,,,,,,,,,,,,,,,,,,,,,,,,,,,,,,,,,,,,,,,,,,,,,,,,,,,,,,,,,,,,,,,,,,,,,,,,,,,,,,,,,,,,,,,,,,,,,,,,,,,,,,,,,,,,,,,,,,,,,,,,,,,,,,,,,,,,,,
31,38,59,49,45,31,42,35,40,9,37,0,12,13,15,6,11,-1,11,-16,27,0,6,6,16,2,11,0.0,0.0,0.0,0.0,-37.0,43.0,17.0,36.0,-21.0,1.0,-14.0,5.0,-28.0,-35.0,-36.0,-19.0,-31.0,-30.0,-37.0,-23.0,-110.0,-95.0,-124.0,-144.0,-163.0,-170.0,-180.0,-163.0,-163.0,-144.0,-203.0,-151.0,-213.0,-169.0,-163.0,-138.0,-190.0,-124.0,-128.0,-119.0,-153.0,-150.0,-158.0,-149.0,-149.0,-197.0,-187.0,-173.0,-187.0,-125.0,-186.0,-190.0,-204.0,-163.0,-295.0,-260.0,-311.0,-338.0,-358.0,-320.0,-327.0,-364.0,-471.0,-428.0,-570.0,-560.0,,,,,,,,,,,,,,,,,,,,,,,,,,,,,,,,,,,,,,,,,,,,,,,,,,,,,,,,,,,,,,,,,,,,,,,,,,,,,,,,,,,,,,,,,,,,,,,,,,,,,,,,,,,,,,,,,,,,,,,,,,,,,,,,,,,,,,,,,
32,28,30,18,47,37,41,-13,28,28,71,0,41,18,23,22,37,22,32,2,32,-14,9,0,61,0,0,9.0,17.0,13.0,31.0,18.0,33.0,16.0,34.0,28.0,40.0,25.0,29.0,25.0,15.0,0.0,71.0,74.0,91.0,53.0,46.0,20.0,85.0,38.0,112.0,105.0,76.0,24.0,93.0,77.0,111.0,76.0,132.0,100.0,176.0,186.0,243.0,296.0,309.0,295.0,359.0,214.0,312.0,300.0,390.0,298.0,343.0,363.0,553.0,641.0,716.0,714.0,723.0,712.0,730.0,622.0,749.0,614.0,661.0,700.0,718.0,702.0,817.0,840.0,969.0,1016.0,9989.0,9990.0,9990.0,9991.0,,,,,,,,,,,,,,,,,,,,,,,,,,,,,,,,,,,,,,,,,,,,,,,,,,,,,,,,,,,,,,,,,,,,,,,,,,,,,,,,,,,,,,,,,,,,,,,,,,,,,,,,,,,,,,,,,,,,,,,,,,,,,,,,,,,,,,
33,30,60,62,62,17,51,-4,12,30,0,0,16,8,15,12,26,-12,-20,-10,0,-12,-12,-25,-15,-15,-11,-21.0,-8.0,-12.0,0.0,-32.0,0.0,-21.0,1.0,-8.0,-1.0,-1.0,-2.0,-25.0,1.0,-16.0,0.0,-14.0,-12.0,-25.0,0.0,0.0,0.0,0.0,0.0,0.0,0.0,0.0,0.0,0.0,,,,,,,,,,,,,,,,,,,,,,,,,,,,,,,,,,,,,,,,,,,,,,,,,,,,,,,,,,,,,,,,,,,,,,,,,,,,,,,,,,,,,,,,,,,,,,,,,,,,,,,,,,,,,,,,,,,,,,,,,,,,,,,,,,,,,,,,,,,,,,,,,,,,,,,,,,,,,,,,,,,,,,,,,,,,,,
34,32,29,16,52,13,27,24,27,24,30,32,31,23,29,13,28,17,54,28,47,43,46,58,50,-45,34,33.0,49.0,12.0,22.0,0.0,76.0,67.0,131.0,94.0,170.0,177.0,168.0,150.0,154.0,126.0,151.0,113.0,121.0,98.0,168.0,133.0,204.0,198.0,225.0,207.0,197.0,187.0,304.0,286.0,423.0,382.0,385.0,390.0,612.0,609.0,638.0,621.0,649.0,607.0,,,,,,,,,,,,,,,,,,,,,,,,,,,,,,,,,,,,,,,,,,,,,,,,,,,,,,,,,,,,,,,,,,,,,,,,,,,,,,,,,,,,,,,,,,,,,,,,,,,,,,,,,,,,,,,,,,,,,,,,,,,,,,,,,,,,,,,,,,,,,,,,,,,,,,,,,,,,,,,,,,,,
35,22,31,22,40,21,58,61,57,63,109,89,87,71,78,81,87,48,106,70,54,65,74,57,50,17,50,38.0,72.0,42.0,42.0,16.0,51.0,43.0,53.0,65.0,53.0,33.0,43.0,30.0,29.0,19.0,27.0,23.0,32.0,34.0,42.0,25.0,38.0,51.0,43.0,24.0,0.0,1.0,0.0,0.0,0.0,0.0,0.0,0.0,10.0,1.0,17.0,0.0,1.0,-13.0,0.0,0.0,0.0,0.0,0.0,0.0,0.0,0.0,0.0,0.0,0.0,0.0,0.0,0.0,,,,,,,,,,,,,,,,,,,,,,,,,,,,,,,,,,,,,,,,,,,,,,,,,,,,,,,,,,,,,,,,,,,,,,,,,,,,,,,,,,,,,,,,,,,,,,,,,,,,,,,,,,,,,,,,,,,,,,,,,,,,,,,,,,,,,,,,,,,,,,,,,,,,,,
36,1,50,21,56,50,41,15,49,39,73,35,42,36,45,20,23,-9,33,37,55,8,6,15,19,12,17,3.0,38.0,0.0,24.0,14.0,36.0,8.0,27.0,0.0,27.0,4.0,0.0,-15.0,-3.0,-11.0,-11.0,-46.0,-16.0,-40.0,-52.0,-63.0,-3.0,5.0,50.0,47.0,216.0,206.0,219.0,181.0,225.0,231.0,237.0,180.0,275.0,246.0,285.0,174.0,234.0,167.0,250.0,299.0,246.0,195.0,242.0,192.0,225.0,0.0,0.0,0.0,,,,,,,,,,,,,,,,,,,,,,,,,,,,,,,,,,,,,,,,,,,,,,,,,,,,,,,,,,,,,,,,,,,,,,,,,,,,,,,,,,,,,,,,,,,,,,,,,,,,,,,,,,,,,,,,,,,,,,,,,,,,,,,,,,,,,,,,,,,,,,,,,,,,,,,,,,
37,36,44,48,50,19,7,-1,13,3,14,13,16,8,12,7,17,8,2,11,19,9,48,16,69,63,55,28.0,62.0,44.0,74.0,27.0,79.0,36.0,209.0,199.0,175.0,169.0,172.0,163.0,265.0,129.0,226.0,222.0,288.0,212.0,221.0,204.0,279.0,256.0,325.0,262.0,285.0,289.0,296.0,295.0,300.0,263.0,326.0,280.0,361.0,364.0,472.0,446.0,558.0,641.0,633.0,628.0,629.0,597.0,651.0,609.0,639.0,629.0,739.0,653.0,861.0,881.0,,,,,,,,,,,,,,,,,,,,,,,,,,,,,,,,,,,,,,,,,,,,,,,,,,,,,,,,,,,,,,,,,,,,,,,,,,,,,,,,,,,,,,,,,,,,,,,,,,,,,,,,,,,,,,,,,,,,,,,,,,,,,,,,,,,,,,,,,,,,,,,,,,,,,,,,
38,39,47,25,50,3,8,1,35,26,40,36,21,11,54,33,65,32,13,-12,40,25,23,5,4,3,12,-25.0,-8.0,-14.0,0.0,0.0,4.0,-2.0,-4.0,0.0,2.0,-1.0,5.0,0.0,1.0,-29.0,17.0,-2.0,-5.0,-22.0,0.0,-53.0,-37.0,-38.0,-38.0,-54.0,-43.0,-62.0,-50.0,-42.0,-36.0,-25.0,-10.0,0.0,0.0,0.0,0.0,-31.0,-26.0,-15.0,-23.0,-14.0,-25.0,-37.0,-19.0,-17.0,0.0,0.0,0.0,-10.0,-9.0,-5.0,-4.0,0.0,0.0,0.0,0.0,0.0,0.0,0.0,0.0,0.0,-5.0,0.0,0.0,,,,,,,,,,,,,,,,,,,,,,,,,,,,,,,,,,,,,,,,,,,,,,,,,,,,,,,,,,,,,,,,,,,,,,,,,,,,,,,,,,,,,,,,,,,,,,,,,,,,,,,,,,,,,,,,,,,,,,,,,,,,,,,,,,,,,,,,,,,
39,25,46,5,16,0,21,2,13,2,20,11,16,1,46,7,25,-25,35,22,127,87,183,141,184,153,168,169.0,158.0,161.0,181.0,219.0,237.0,196.0,166.0,146.0,209.0,94.0,146.0,87.0,108.0,17.0,201.0,219.0,207.0,187.0,302.0,287.0,286.0,302.0,300.0,293.0,475.0,216.0,396.0,199.0,437.0,150.0,175.0,219.0,208.0,224.0,297.0,208.0,248.0,243.0,231.0,84.0,113.0,90.0,95.0,59.0,71.0,51.0,74.0,70.0,70.0,72.0,68.0,60.0,52.0,45.0,81.0,83.0,118.0,106.0,96.0,25.0,32.0,24.0,17.0,20.0,25.0,25.0,30.0,0.0,49.0,32.0,55.0,20.0,11.0,10.0,60.0,37.0,17.0,11.0,197.0,145.0,263.0,405.0,357.0,375.0,376.0,80.0,82.0,16.0,72.0,52.0,57.0,1.0,57.0,46.0,652.0,671.0,755.0,551.0,750.0,750.0,1766.0,,,,,,,,,,,,,,,,,,,,,,,,,,,,,,,,,,,,,,,,,,,,,,,,,,,,,,,,,,,,,,,,,,,,,,,,,,,,,,,,,,,,,,,,,,,,,,,,,,,,,
40,39,59,46,51,34,39,23,25,16,25,23,31,40,75,51,70,17,8,-20,-12,-32,-24,-33,-20,-12,16,-87.0,-38.0,-50.0,-2.0,-30.0,0.0,-87.0,-87.0,-251.0,-227.0,-341.0,-237.0,-259.0,-231.0,-375.0,-357.0,-362.0,-376.0,-401.0,-396.0,-397.0,-369.0,-393.0,-367.0,-373.0,-362.0,-450.0,-446.0,-452.0,-485.0,-497.0,-530.0,-556.0,-466.0,-584.0,-576.0,-849.0,-879.0,-979.0,-953.0,-1150.0,-941.0,-949.0,-930.0,-990.0,-989.0,-916.0,-1000.0,-1196.0,-1101.0,,,,,,,,,,,,,,,,,,,,,,,,,,,,,,,,,,,,,,,,,,,,,,,,,,,,,,,,,,,,,,,,,,,,,,,,,,,,,,,,,,,,,,,,,,,,,,,,,,,,,,,,,,,,,,,,,,,,,,,,,,,,,,,,,,,,,,,,,,,,,,,,,,,,,,,,,
41,28,36,21,41,29,40,31,51,30,72,27,16,2,22,9,7,9,12,5,14,-30,0,-15,-19,-20,-24,-19.0,-9.0,-17.0,-2.0,-24.0,0.0,0.0,0.0,3.0,-6.0,-7.0,27.0,11.0,17.0,14.0,13.0,7.0,5.0,0.0,16.0,0.0,7.0,-13.0,0.0,0.0,0.0,-2.0,0.0,0.0,0.0,0.0,,,,,,,,,,,,,,,,,,,,,,,,,,,,,,,,,,,,,,,,,,,,,,,,,,,,,,,,,,,,,,,,,,,,,,,,,,,,,,,,,,,,,,,,,,,,,,,,,,,,,,,,,,,,,,,,,,,,,,,,,,,,,,,,,,,,,,,,,,,,,,,,,,,,,,,,,,,,,,,,,,,,,,,,,,,,
42,23,48,37,43,23,31,27,36,32,46,33,38,27,33,2,17,15,30,23,33,16,56,41,56,18,57,,,,,,,,,,,,,,,,,,,,,,,,,,,,,,,,,,,,,,,,,,,,,,,,,,,,,,,,,,,,,,,,,,,,,,,,,,,,,,,,,,,,,,,,,,,,,,,,,,,,,,,,,,,,,,,,,,,,,,,,,,,,,,,,,,,,,,,,,,,,,,,,,,,,,,,,,,,,,,,,,,,,,,,,,,,,,,,,,,,,,,,,,,,,,,,,,,,,,,,,,,,
43,22,22,35,28,23,43,44,40,30,59,28,42,34,60,30,55,42,35,14,25,7,16,8,20,-9,0,-24.0,9.0,-14.0,45.0,14.0,30.0,32.0,72.0,71.0,95.0,69.0,84.0,37.0,66.0,51.0,50.0,48.0,51.0,50.0,71.0,46.0,109.0,112.0,120.0,50.0,103.0,64.0,61.0,70.0,131.0,121.0,137.0,199.0,213.0,240.0,223.0,253.0,277.0,324.0,378.0,350.0,462.0,405.0,449.0,437.0,531.0,509.0,488.0,498.0,462.0,512.0,489.0,495.0,525.0,511.0,518.0,533.0,494.0,487.0,468.0,439.0,441.0,443.0,445.0,425.0,455.0,393.0,404.0,402.0,400.0,403.0,406.0,403.0,409.0,411.0,,,,,,,,,,,,,,,,,,,,,,,,,,,,,,,,,,,,,,,,,,,,,,,,,,,,,,,,,,,,,,,,,,,,,,,,,,,,,,,,,,,,,,,,,,,,,,,,,,,,,,,,,,,,,,,,,,,,,,,,,,,,,,,,
44,23,46,39,50,29,47,-24,83,75,122,127,117,99,114,49,135,57,138,100,121,107,115,126,174,116,148,113.0,131.0,117.0,145.0,110.0,138.0,129.0,152.0,113.0,170.0,136.0,174.0,134.0,160.0,151.0,137.0,147.0,181.0,146.0,175.0,182.0,190.0,163.0,214.0,196.0,220.0,226.0,241.0,194.0,200.0,139.0,248.0,214.0,308.0,304.0,298.0,294.0,321.0,120.0,271.0,72.0,84.0,91.0,82.0,-42.0,-66.0,-140.0,-44.0,-75.0,-14.0,-19.0,0.0,-375.0,-56.0,-59.0,-46.0,-165.0,-158.0,-186.0,-54.0,-251.0,-212.0,-219.0,-268.0,-207.0,-243.0,-239.0,-199.0,-191.0,-93.0,-120.0,-38.0,-40.0,-30.0,-71.0,,,,,,,,,,,,,,,,,,,,,,,,,,,,,,,,,,,,,,,,,,,,,,,,,,,,,,,,,,,,,,,,,,,,,,,,,,,,,,,,,,,,,,,,,,,,,,,,,,,,,,,,,,,,,,,,,,,,,,,,,,,,,,,,
45,24,32,27,46,34,35,21,43,14,14,25,26,0,14,4,31,10,23,-5,95,50,66,-35,0,-18,7,-23.0,15.0,-16.0,66.0,37.0,60.0,48.0,39.0,48.0,46.0,45.0,120.0,82.0,72.0,98.0,95.0,76.0,108.0,42.0,40.0,39.0,37.0,38.0,6.0,0.0,0.0,,,,,,,,,,,,,,,,,,,,,,,,,,,,,,,,,,,,,,,,,,,,,,,,,,,,,,,,,,,,,,,,,,,,,,,,,,,,,,,,,,,,,,,,,,,,,,,,,,,,,,,,,,,,,,,,,,,,,,,,,,,,,,,,,,,,,,,,,,,,,,,,,,,,,,,,,,,,,,,,,,,,,,,,,,,,,,,,,
46,22,26,20,29,25,37,33,28,23,18,3,36,28,44,15,11,12,23,18,26,0,11,-2,11,-11,16,0.0,38.0,-7.0,16.0,20.0,29.0,14.0,12.0,-27.0,-9.0,-44.0,12.0,4.0,41.0,25.0,28.0,12.0,18.0,18.0,31.0,15.0,17.0,17.0,26.0,25.0,17.0,23.0,29.0,11.0,16.0,0.0,15.0,3.0,13.0,0.0,13.0,-8.0,-2.0,-19.0,-15.0,-25.0,-21.0,-25.0,-11.0,-11.0,-18.0,,,,,,,,,,,,,,,,,,,,,,,,,,,,,,,,,,,,,,,,,,,,,,,,,,,,,,,,,,,,,,,,,,,,,,,,,,,,,,,,,,,,,,,,,,,,,,,,,,,,,,,,,,,,,,,,,,,,,,,,,,,,,,,,,,,,,,,,,,,,,,,,,,,,,,,,,,,,,
47,22,28,22,34,15,36,33,40,40,41,28,52,41,64,59,75,18,72,87,94,83,375,198,671,274,586,449.0,380.0,350.0,470.0,59.0,153.0,104.0,188.0,-8.0,-17.0,8.0,20.0,0.0,11.0,-5.0,18.0,-205.0,,,,,,,,,,,,,,,,,,,,,,,,,,,,,,,,,,,,,,,,,,,,,,,,,,,,,,,,,,,,,,,,,,,,,,,,,,,,,,,,,,,,,,,,,,,,,,,,,,,,,,,,,,,,,,,,,,,,,,,,,,,,,,,,,,,,,,,,,,,,,,,,,,,,,,,,,,,,,,,,,,,,,,,,,,,,,,,,,,,,,,,,,,
48,24,41,20,22,7,41,18,60,43,55,-18,85,71,90,87,64,46,68,44,38,30,29,33,101,108,96,81.0,78.0,72.0,73.0,83.0,124.0,125.0,112.0,87.0,108.0,120.0,133.0,131.0,123.0,98.0,81.0,88.0,81.0,74.0,86.0,71.0,69.0,71.0,111.0,115.0,125.0,124.0,113.0,124.0,114.0,117.0,125.0,114.0,102.0,103.0,132.0,100.0,105.0,96.0,119.0,117.0,97.0,10.0,107.0,88.0,101.0,95.0,86.0,28.0,66.0,47.0,53.0,60.0,70.0,75.0,121.0,96.0,112.0,75.0,98.0,0.0,48.0,28.0,67.0,50.0,124.0,134.0,217.0,207.0,254.0,255.0,275.0,268.0,359.0,378.0,345.0,365.0,366.0,326.0,387.0,327.0,515.0,287.0,293.0,314.0,319.0,307.0,328.0,299.0,451.0,452.0,499.0,441.0,487.0,228.0,324.0,293.0,634.0,599.0,711.0,733.0,,,,,,,,,,,,,,,,,,,,,,,,,,,,,,,,,,,,,,,,,,,,,,,,,,,,,,,,,,,,,,,,,,,,,,,,,,,,,,,,,,,,,,,,,,,,,,,,,,,,,,
49,20,60,47,47,30,43,37,69,57,70,28,50,25,23,25,37,17,27,-5,35,0,31,17,35,0,-5,0.0,-4.0,8.0,11.0,14.0,29.0,7.0,19.0,12.0,43.0,19.0,45.0,44.0,39.0,24.0,53.0,-51.0,-57.0,-58.0,-70.0,-81.0,-69.0,-62.0,-50.0,-74.0,-60.0,-50.0,-43.0,-58.0,-57.0,-66.0,-40.0,-62.0,-50.0,-63.0,-53.0,-58.0,-55.0,,,,,,,,,,,,,,,,,,,,,,,,,,,,,,,,,,,,,,,,,,,,,,,,,,,,,,,,,,,,,,,,,,,,,,,,,,,,,,,,,,,,,,,,,,,,,,,,,,,,,,,,,,,,,,,,,,,,,,,,,,,,,,,,,,,,,,,,,,,,,,,,,,,,,,,,,,,,,,,,,,,,,
50,26,44,34,43,22,24,23,24,8,46,10,22,20,23,21,36,12,22,-6,-12,-36,-12,-10,4,-8,7,3.0,18.0,20.0,19.0,7.0,19.0,-31.0,40.0,-20.0,-10.0,-36.0,-8.0,-85.0,-56.0,-56.0,-49.0,-109.0,-77.0,-81.0,-89.0,-97.0,-87.0,-86.0,-98.0,-89.0,-62.0,-129.0,-117.0,-134.0,-32.0,-50.0,-12.0,-45.0,-15.0,-11.0,-23.0,-5.0,0.0,-19.0,,,,,,,,,,,,,,,,,,,,,,,,,,,,,,,,,,,,,,,,,,,,,,,,,,,,,,,,,,,,,,,,,,,,,,,,,,,,,,,,,,,,,,,,,,,,,,,,,,,,,,,,,,,,,,,,,,,,,,,,,,,,,,,,,,,,,,,,,,,,,,,,,,,,,,,,,,,,,,,,,,,,
51,17,44,32,40,17,23,16,25,18,25,21,19,14,20,13,29,22,37,31,34,39,42,11,23,19,52,38.0,48.0,53.0,49.0,-18.0,1.0,-7.0,-10.0,-9.0,5.0,-25.0,0.0,-14.0,-4.0,0.0,1.0,-89.0,18.0,-61.0,-42.0,-92.0,-70.0,-75.0,-61.0,-71.0,-62.0,-68.0,-83.0,-86.0,-85.0,-185.0,-140.0,-113.0,-123.0,-143.0,-190.0,-187.0,-227.0,-162.0,-190.0,-180.0,-164.0,-197.0,-176.0,-214.0,-199.0,-218.0,-138.0,-156.0,-150.0,-183.0,-178.0,-217.0,-169.0,-812.0,-504.0,,,,,,,,,,,,,,,,,,,,,,,,,,,,,,,,,,,,,,,,,,,,,,,,,,,,,,,,,,,,,,,,,,,,,,,,,,,,,,,,,,,,,,,,,,,,,,,,,,,,,,,,,,,,,,,,,,,,,,,,,,,,,,,,,,,,,,,,,,,,,,,,,,,
52,22,34,12,35,25,41,20,60,64,63,31,39,43,38,18,4,0,104,118,173,168,228,206,356,340,401,389.0,478.0,301.0,361.0,328.0,366.0,339.0,364.0,383.0,350.0,336.0,724.0,531.0,605.0,640.0,608.0,593.0,599.0,637.0,609.0,617.0,630.0,587.0,619.0,629.0,756.0,725.0,737.0,720.0,728.0,691.0,713.0,635.0,668.0,675.0,661.0,582.0,632.0,508.0,533.0,412.0,523.0,479.0,490.0,547.0,540.0,483.0,534.0,539.0,520.0,555.0,497.0,434.0,568.0,653.0,753.0,718.0,794.0,722.0,795.0,666.0,671.0,666.0,671.0,631.0,790.0,700.0,755.0,845.0,975.0,980.0,1011.0,1054.0,1059.0,1107.0,1116.0,1264.0,1270.0,1275.0,1286.0,1255.0,1342.0,1421.0,1436.0,1322.0,1670.0,1674.0,,,,,,,,,,,,,,,,,,,,,,,,,,,,,,,,,,,,,,,,,,,,,,,,,,,,,,,,,,,,,,,,,,,,,,,,,,,,,,,,,,,,,,,,,,,,,,,,,,,,,,,,,,,,,,,,,,,,
53,28,35,25,62,9,18,14,43,46,53,40,53,43,60,49,63,59,62,61,98,87,94,27,50,-11,22,-27.0,24.0,-11.0,15.0,0.0,0.0,0.0,0.0,0.0,6.0,13.0,25.0,-4.0,34.0,64.0,53.0,54.0,59.0,35.0,40.0,34.0,27.0,18.0,38.0,25.0,58.0,43.0,30.0,-1.0,0.0,0.0,0.0,0.0,-1.0,-2.0,0.0,0.0,0.0,0.0,,,,,,,,,,,,,,,,,,,,,,,,,,,,,,,,,,,,,,,,,,,,,,,,,,,,,,,,,,,,,,,,,,,,,,,,,,,,,,,,,,,,,,,,,,,,,,,,,,,,,,,,,,,,,,,,,,,,,,,,,,,,,,,,,,,,,,,,,,,,,,,,,,,,,,,,,,,,,,,,,,,,
54,25,35,35,32,34,46,23,27,7,29,20,36,0,14,-5,25,24,20,-24,-13,0,40,38,43,31,46,29.0,61.0,35.0,52.0,,,,,,,,,,,,,,,,,,,,,,,,,,,,,,,,,,,,,,,,,,,,,,,,,,,,,,,,,,,,,,,,,,,,,,,,,,,,,,,,,,,,,,,,,,,,,,,,,,,,,,,,,,,,,,,,,,,,,,,,,,,,,,,,,,,,,,,,,,,,,,,,,,,,,,,,,,,,,,,,,,,,,,,,,,,,,,,,,,,,,,,,,,,,,,,,,,,,,,,
55,26,46,26,38,23,46,11,28,16,17,-33,-10,0,-3,-44,0,7,0,-18,10,-80,-3,-51,-10,-82,-62,-100.0,-78.0,-118.0,-85.0,-85.0,-58.0,-89.0,32.0,22.0,52.0,50.0,121.0,95.0,158.0,102.0,92.0,108.0,92.0,89.0,163.0,158.0,77.0,54.0,344.0,385.0,654.0,594.0,663.0,599.0,624.0,490.0,701.0,685.0,704.0,712.0,714.0,750.0,854.0,803.0,919.0,917.0,1075.0,1080.0,,,,,,,,,,,,,,,,,,,,,,,,,,,,,,,,,,,,,,,,,,,,,,,,,,,,,,,,,,,,,,,,,,,,,,,,,,,,,,,,,,,,,,,,,,,,,,,,,,,,,,,,,,,,,,,,,,,,,,,,,,,,,,,,,,,,,,,,,,,,,,,,,,,,,,,,,,,,,,,,
56,30,36,40,52,35,38,24,20,7,12,0,27,0,8,-4,-4,0,8,-6,15,-3,-1,-10,-6,0,44,-70.0,-50.0,-39.0,23.0,45.0,18.0,32.0,28.0,20.0,,,,,,,,,,,,,,,,,,,,,,,,,,,,,,,,,,,,,,,,,,,,,,,,,,,,,,,,,,,,,,,,,,,,,,,,,,,,,,,,,,,,,,,,,,,,,,,,,,,,,,,,,,,,,,,,,,,,,,,,,,,,,,,,,,,,,,,,,,,,,,,,,,,,,,,,,,,,,,,,,,,,,,,,,,,,,,,,,,,,,,,,,,,,,,,,,,
57,25,37,37,41,-1,10,19,30,12,23,12,27,3,5,0,0,-31,0,-49,-41,-40,-24,-40,4,-1,8,-32.0,57.0,80.0,68.0,67.0,56.0,33.0,71.0,19.0,51.0,48.0,48.0,46.0,81.0,56.0,45.0,57.0,74.0,82.0,76.0,57.0,99.0,68.0,80.0,81.0,97.0,7.0,328.0,186.0,240.0,222.0,221.0,126.0,212.0,233.0,243.0,139.0,175.0,139.0,271.0,254.0,279.0,237.0,259.0,73.0,64.0,73.0,251.0,195.0,242.0,268.0,268.0,264.0,277.0,385.0,400.0,399.0,483.0,480.0,495.0,309.0,427.0,361.0,445.0,478.0,531.0,373.0,379.0,362.0,562.0,432.0,442.0,455.0,447.0,267.0,469.0,488.0,862.0,375.0,939.0,1037.0,1322.0,963.0,1043.0,1209.0,1506.0,1590.0,,,,,,,,,,,,,,,,,,,,,,,,,,,,,,,,,,,,,,,,,,,,,,,,,,,,,,,,,,,,,,,,,,,,,,,,,,,,,,,,,,,,,,,,,,,,,,,,,,,,,,,,,,,,,,,,,,,,
58,24,52,35,44,31,45,33,40,22,34,27,45,25,50,30,25,20,29,36,31,37,33,13,43,14,37,13.0,32.0,2.0,11.0,0.0,0.0,-1.0,21.0,23.0,0.0,-17.0,0.0,-25.0,,,,,,,,,,,,,,,,,,,,,,,,,,,,,,,,,,,,,,,,,,,,,,,,,,,,,,,,,,,,,,,,,,,,,,,,,,,,,,,,,,,,,,,,,,,,,,,,,,,,,,,,,,,,,,,,,,,,,,,,,,,,,,,,,,,,,,,,,,,,,,,,,,,,,,,,,,,,,,,,,,,,,,,,,,,,,,,,,,,,,,,,,,,,,,
59,22,20,23,36,47,55,32,33,28,51,16,45,28,33,8,43,25,23,-6,56,41,46,23,5,28,35,27.0,38.0,23.0,23.0,12.0,13.0,14.0,12.0,27.0,39.0,25.0,0.0,0.0,43.0,-1.0,-4.0,9.0,0.0,0.0,0.0,4.0,58.0,-13.0,77.0,32.0,38.0,45.0,41.0,13.0,12.0,0.0,0.0,-15.0,204.0,190.0,241.0,248.0,261.0,268.0,537.0,568.0,,,,,,,,,,,,,,,,,,,,,,,,,,,,,,,,,,,,,,,,,,,,,,,,,,,,,,,,,,,,,,,,,,,,,,,,,,,,,,,,,,,,,,,,,,,,,,,,,,,,,,,,,,,,,,,,,,,,,,,,,,,,,,,,,,,,,,,,,,,,,,,,,,,,,,,,,,,,,,,,,,
60,40,48,25,34,31,31,19,37,33,43,33,47,32,34,33,43,39,42,26,36,29,60,28,49,-4,0,0.0,-4.0,-14.0,-17.0,-25.0,61.0,56.0,41.0,37.0,40.0,37.0,37.0,23.0,42.0,37.0,28.0,0.0,26.0,0.0,0.0,0.0,-3.0,0.0,-2.0,-23.0,0.0,0.0,0.0,-3.0,-7.0,0.0,7.0,,,,,,,,,,,,,,,,,,,,,,,,,,,,,,,,,,,,,,,,,,,,,,,,,,,,,,,,,,,,,,,,,,,,,,,,,,,,,,,,,,,,,,,,,,,,,,,,,,,,,,,,,,,,,,,,,,,,,,,,,,,,,,,,,,,,,,,,,,,,,,,,,,,,,,,,,,,,,,,,,,,,,,,,,,,
61,35,50,45,33,5,63,45,60,52,76,54,66,64,75,65,81,77,96,83,87,64,88,69,69,70,90,35.0,54.0,47.0,52.0,46.0,45.0,45.0,80.0,45.0,53.0,19.0,39.0,33.0,17.0,48.0,59.0,25.0,0.0,-17.0,-4.0,-16.0,118.0,74.0,151.0,68.0,147.0,106.0,324.0,320.0,476.0,246.0,249.0,102.0,113.0,99.0,179.0,84.0,83.0,75.0,263.0,221.0,368.0,370.0,443.0,126.0,464.0,384.0,737.0,731.0,,,,,,,,,,,,,,,,,,,,,,,,,,,,,,,,,,,,,,,,,,,,,,,,,,,,,,,,,,,,,,,,,,,,,,,,,,,,,,,,,,,,,,,,,,,,,,,,,,,,,,,,,,,,,,,,,,,,,,,,,,,,,,,,,,,,,,,,,,,,,,,,,,,,,,,,,,
62,28,38,16,54,3,6,4,13,8,35,10,30,35,32,14,49,25,19,9,17,28,23,5,25,6,22,26.0,126.0,145.0,219.0,52.0,77.0,56.0,130.0,104.0,108.0,85.0,127.0,11.0,31.0,28.0,20.0,11.0,99.0,65.0,67.0,55.0,181.0,135.0,155.0,120.0,167.0,181.0,291.0,335.0,400.0,225.0,205.0,278.0,427.0,478.0,510.0,487.0,494.0,540.0,552.0,602.0,641.0,621.0,651.0,626.0,672.0,682.0,700.0,707.0,754.0,720.0,750.0,751.0,756.0,747.0,763.0,777.0,798.0,801.0,852.0,874.0,943.0,861.0,,,,,,,,,,,,,,,,,,,,,,,,,,,,,,,,,,,,,,,,,,,,,,,,,,,,,,,,,,,,,,,,,,,,,,,,,,,,,,,,,,,,,,,,,,,,,,,,,,,,,,,,,,,,,,,,,,,,,,,,,,,,,,,,,,,,,,,,,,,,
63,28,36,27,66,33,28,22,37,35,41,17,25,0,15,14,27,18,40,22,28,38,27,34,32,16,64,1.0,0.0,51.0,25.0,37.0,28.0,40.0,69.0,44.0,43.0,47.0,51.0,49.0,54.0,57.0,42.0,31.0,31.0,25.0,45.0,5.0,6.0,,,,,,,,,,,,,,,,,,,,,,,,,,,,,,,,,,,,,,,,,,,,,,,,,,,,,,,,,,,,,,,,,,,,,,,,,,,,,,,,,,,,,,,,,,,,,,,,,,,,,,,,,,,,,,,,,,,,,,,,,,,,,,,,,,,,,,,,,,,,,,,,,,,,,,,,,,,,,,,,,,,,,,,,,,,,,,,,,,,,,
64,15,47,35,69,39,54,49,57,14,21,18,23,9,19,12,12,9,8,7,4,6,6,23,29,11,60,0.0,0.0,0.0,19.0,3.0,25.0,15.0,,,,,,,,,,,,,,,,,,,,,,,,,,,,,,,,,,,,,,,,,,,,,,,,,,,,,,,,,,,,,,,,,,,,,,,,,,,,,,,,,,,,,,,,,,,,,,,,,,,,,,,,,,,,,,,,,,,,,,,,,,,,,,,,,,,,,,,,,,,,,,,,,,,,,,,,,,,,,,,,,,,,,,,,,,,,,,,,,,,,,,,,,,,,,,,,,,,,
65,28,67,41,42,37,38,44,53,34,42,35,47,38,50,38,37,20,32,34,27,16,12,24,35,42,41,40.0,40.0,35.0,46.0,41.0,37.0,38.0,58.0,38.0,54.0,37.0,56.0,58.0,53.0,56.0,61.0,61.0,55.0,49.0,93.0,37.0,79.0,31.0,32.0,22.0,48.0,9.0,27.0,15.0,20.0,5.0,8.0,6.0,2.0,0.0,-1.0,-18.0,20.0,-19.0,10.0,-16.0,0.0,-19.0,,,,,,,,,,,,,,,,,,,,,,,,,,,,,,,,,,,,,,,,,,,,,,,,,,,,,,,,,,,,,,,,,,,,,,,,,,,,,,,,,,,,,,,,,,,,,,,,,,,,,,,,,,,,,,,,,,,,,,,,,,,,,,,,,,,,,,,,,,,,,,,,,,,,,,,,,,,,,,,,
66,22,35,16,34,19,34,23,40,23,16,16,32,34,30,14,76,26,109,87,103,92,147,81,122,101,109,119.0,130.0,31.0,81.0,54.0,77.0,53.0,72.0,53.0,128.0,50.0,157.0,117.0,137.0,152.0,158.0,119.0,99.0,89.0,108.0,121.0,122.0,134.0,125.0,47.0,114.0,101.0,105.0,100.0,102.0,91.0,98.0,99.0,110.0,113.0,86.0,85.0,64.0,80.0,88.0,52.0,68.0,23.0,29.0,25.0,12.0,0.0,2.0,0.0,0.0,0.0,0.0,0.0,,,,,,,,,,,,,,,,,,,,,,,,,,,,,,,,,,,,,,,,,,,,,,,,,,,,,,,,,,,,,,,,,,,,,,,,,,,,,,,,,,,,,,,,,,,,,,,,,,,,,,,,,,,,,,,,,,,,,,,,,,,,,,,,,,,,,,,,,,,,,,,,,,,,,,
67,22,14,11,41,30,31,23,24,-6,12,-10,14,-4,2,0,9,-17,-4,-40,20,14,53,-49,-25,-37,-18,-60.0,-34.0,-51.0,-41.0,-61.0,-46.0,-102.0,1.0,21.0,36.0,49.0,49.0,29.0,42.0,-179.0,0.0,0.0,0.0,0.0,0.0,-13.0,-27.0,-33.0,-23.0,-28.0,-31.0,-23.0,0.0,0.0,47.0,46.0,54.0,62.0,138.0,0.0,78.0,65.0,32.0,43.0,21.0,37.0,130.0,137.0,188.0,170.0,214.0,199.0,206.0,197.0,177.0,109.0,126.0,119.0,411.0,425.0,391.0,369.0,398.0,196.0,187.0,187.0,173.0,190.0,233.0,186.0,266.0,258.0,299.0,213.0,212.0,256.0,272.0,253.0,300.0,328.0,308.0,327.0,347.0,239.0,321.0,61.0,54.0,47.0,241.0,185.0,241.0,51.0,51.0,51.0,51.0,55.0,60.0,14.0,19.0,7.0,20.0,0.0,7.0,1.0,4.0,7.0,12.0,6.0,20.0,19.0,27.0,0.0,14.0,8.0,13.0,1.0,4.0,9.0,9.0,,,,,,,,,,,,,,,,,,,,,,,,,,,,,,,,,,,,,,,,,,,,,,,,,,,,,,,,,,,,,,,,,,,,,,,,,,,,,,,,,,,,,,,,,
68,25,41,27,25,16,27,1,27,16,18,0,68,33,71,57,80,81,161,116,131,134,182,132,166,116,150,134.0,142.0,125.0,158.0,162.0,164.0,155.0,191.0,191.0,203.0,205.0,184.0,192.0,206.0,128.0,132.0,79.0,116.0,118.0,118.0,116.0,120.0,114.0,115.0,105.0,118.0,112.0,125.0,123.0,142.0,142.0,176.0,136.0,206.0,184.0,231.0,199.0,146.0,109.0,144.0,150.0,228.0,136.0,218.0,211.0,263.0,239.0,254.0,230.0,231.0,241.0,228.0,231.0,251.0,253.0,374.0,349.0,514.0,363.0,437.0,442.0,473.0,416.0,406.0,413.0,480.0,352.0,437.0,403.0,414.0,405.0,545.0,520.0,562.0,452.0,415.0,372.0,402.0,278.0,262.0,220.0,262.0,258.0,272.0,261.0,302.0,167.0,174.0,175.0,176.0,186.0,201.0,171.0,214.0,163.0,242.0,152.0,233.0,254.0,283.0,238.0,417.0,262.0,301.0,284.0,265.0,303.0,366.0,212.0,242.0,224.0,403.0,212.0,231.0,357.0,356.0,78.0,437.0,440.0,531.0,610.0,738.0,741.0,1177.0,1270.0,,,,,,,,,,,,,,,,,,,,,,,,,,,,,,,,,,,,,,,,,,,,,,,,,,,,,,,,,,,,,,,,,,,,,,,,,,,,,,
69,24,27,17,18,-4,0,13,13,0,5,-2,15,7,8,20,18,27,28,30,24,0,23,22,28,30,34,11.0,49.0,30.0,63.0,52.0,99.0,75.0,78.0,106.0,91.0,89.0,104.0,84.0,128.0,157.0,139.0,0.0,297.0,249.0,285.0,140.0,146.0,132.0,112.0,153.0,177.0,140.0,196.0,186.0,191.0,208.0,266.0,275.0,222.0,234.0,301.0,318.0,514.0,464.0,549.0,536.0,530.0,530.0,547.0,573.0,718.0,733.0,737.0,825.0,,,,,,,,,,,,,,,,,,,,,,,,,,,,,,,,,,,,,,,,,,,,,,,,,,,,,,,,,,,,,,,,,,,,,,,,,,,,,,,,,,,,,,,,,,,,,,,,,,,,,,,,,,,,,,,,,,,,,,,,,,,,,,,,,,,,,,,,,,,,,,,,,,,,,,,,,,
70,25,37,40,48,18,35,29,30,31,27,24,38,47,35,31,32,20,29,-29,-32,-47,-1,-44,-39,-23,-43,-15.0,-61.0,-112.0,-100.0,-11.0,-5.0,-93.0,-42.0,-122.0,-64.0,-149.0,-148.0,-121.0,-89.0,-114.0,-100.0,-111.0,-59.0,-78.0,-106.0,-119.0,-70.0,-112.0,-63.0,-116.0,-80.0,-66.0,-45.0,-55.0,-33.0,-44.0,-40.0,-508.0,-537.0,-646.0,-566.0,-679.0,-699.0,,,,,,,,,,,,,,,,,,,,,,,,,,,,,,,,,,,,,,,,,,,,,,,,,,,,,,,,,,,,,,,,,,,,,,,,,,,,,,,,,,,,,,,,,,,,,,,,,,,,,,,,,,,,,,,,,,,,,,,,,,,,,,,,,,,,,,,,,,,,,,,,,,,,,,,,,,,,,,,,,,,,,
71,30,58,50,45,20,29,36,30,31,32,12,30,-30,-23,-25,-27,-27,4,-43,-64,-58,-70,-43,35,13,28,19.0,30.0,27.0,35.0,31.0,37.0,36.0,26.0,37.0,49.0,17.0,34.0,0.0,49.0,33.0,99.0,58.0,93.0,24.0,31.0,22.0,33.0,37.0,122.0,88.0,104.0,96.0,136.0,-47.0,-41.0,0.0,0.0,-39.0,-20.0,-113.0,-89.0,-101.0,0.0,-223.0,-312.0,-342.0,-407.0,-708.0,-704.0,-797.0,-703.0,-816.0,-866.0,-2431.0,-2525.0,-2615.0,-2687.0,-2935.0,-3625.0,,,,,,,,,,,,,,,,,,,,,,,,,,,,,,,,,,,,,,,,,,,,,,,,,,,,,,,,,,,,,,,,,,,,,,,,,,,,,,,,,,,,,,,,,,,,,,,,,,,,,,,,,,,,,,,,,,,,,,,,,,,,,,,,,,,,,,,,,,,,,,,,,,,,,
72,28,40,31,55,25,61,70,51,43,59,78,77,81,64,61,71,-1,23,20,10,2,14,-14,-8,-18,0,-11.0,-3.0,-47.0,-21.0,-31.0,-11.0,-23.0,-20.0,-17.0,-10.0,-12.0,-19.0,-25.0,-11.0,-19.0,-5.0,-13.0,0.0,-10.0,-7.0,-8.0,-17.0,-5.0,0.0,-8.0,7.0,8.0,12.0,0.0,16.0,0.0,6.0,0.0,3.0,0.0,4.0,-21.0,0.0,,,,,,,,,,,,,,,,,,,,,,,,,,,,,,,,,,,,,,,,,,,,,,,,,,,,,,,,,,,,,,,,,,,,,,,,,,,,,,,,,,,,,,,,,,,,,,,,,,,,,,,,,,,,,,,,,,,,,,,,,,,,,,,,,,,,,,,,,,,,,,,,,,,,,,,,,,,,,,,,,,,,,
73,35,31,23,30,20,29,1,16,5,28,21,16,-21,-3,6,26,-27,-19,-35,-27,-125,-137,-147,-134,-164,-170,-154.0,-145.0,-155.0,-142.0,-153.0,-152.0,-150.0,-106.0,-122.0,-118.0,-130.0,-80.0,-100.0,-97.0,-120.0,-110.0,-153.0,-131.0,-134.0,-118.0,-159.0,-115.0,-128.0,-112.0,-131.0,-124.0,-177.0,-131.0,-212.0,-190.0,-218.0,-218.0,-288.0,-201.0,-233.0,-209.0,-212.0,-165.0,-323.0,-210.0,-348.0,-373.0,-361.0,-376.0,-581.0,-537.0,-637.0,-650.0,-685.0,-704.0,,,,,,,,,,,,,,,,,,,,,,,,,,,,,,,,,,,,,,,,,,,,,,,,,,,,,,,,,,,,,,,,,,,,,,,,,,,,,,,,,,,,,,,,,,,,,,,,,,,,,,,,,,,,,,,,,,,,,,,,,,,,,,,,,,,,,,,,,,,,,,,,,,,,,,,,,
74,33,49,29,53,42,31,42,46,23,46,17,33,28,47,34,46,42,42,31,37,20,14,12,34,16,40,45.0,27.0,11.0,85.0,74.0,73.0,0.0,65.0,97.0,86.0,0.0,,,,,,,,,,,,,,,,,,,,,,,,,,,,,,,,,,,,,,,,,,,,,,,,,,,,,,,,,,,,,,,,,,,,,,,,,,,,,,,,,,,,,,,,,,,,,,,,,,,,,,,,,,,,,,,,,,,,,,,,,,,,,,,,,,,,,,,,,,,,,,,,,,,,,,,,,,,,,,,,,,,,,,,,,,,,,,,,,,,,,,,,,,,,,,,,
75,12,55,5,13,0,7,5,22,4,34,10,32,11,27,41,63,51,64,53,60,56,42,30,38,30,43,6.0,11.0,13.0,30.0,9.0,37.0,74.0,81.0,71.0,78.0,86.0,116.0,100.0,114.0,105.0,98.0,91.0,90.0,119.0,145.0,50.0,128.0,98.0,132.0,97.0,90.0,148.0,156.0,106.0,200.0,153.0,149.0,133.0,322.0,267.0,314.0,314.0,310.0,323.0,450.0,200.0,214.0,187.0,189.0,184.0,199.0,269.0,336.0,376.0,375.0,308.0,392.0,400.0,424.0,448.0,458.0,437.0,482.0,328.0,368.0,391.0,412.0,412.0,440.0,445.0,441.0,427.0,428.0,544.0,640.0,639.0,746.0,749.0,867.0,875.0,,,,,,,,,,,,,,,,,,,,,,,,,,,,,,,,,,,,,,,,,,,,,,,,,,,,,,,,,,,,,,,,,,,,,,,,,,,,,,,,,,,,,,,,,,,,,,,,,,,,,,,,,,,,,,,,,,,,,,,,,,,,,,,,
76,15,51,-5,22,-5,-12,3,9,0,31,12,48,50,36,16,25,9,4,6,4,-13,24,0,11,-49,-27,-48.0,-31.0,-37.0,-35.0,-67.0,-48.0,-75.0,-46.0,-97.0,-98.0,-79.0,-66.0,-105.0,-82.0,-87.0,-72.0,-126.0,-95.0,-107.0,-75.0,-76.0,-54.0,-71.0,-58.0,-71.0,-76.0,-61.0,-35.0,-37.0,-59.0,-62.0,-26.0,-32.0,-22.0,-45.0,-19.0,-12.0,-8.0,-10.0,-5.0,-4.0,0.0,0.0,0.0,0.0,0.0,0.0,6.0,3.0,0.0,0.0,0.0,0.0,0.0,,,,,,,,,,,,,,,,,,,,,,,,,,,,,,,,,,,,,,,,,,,,,,,,,,,,,,,,,,,,,,,,,,,,,,,,,,,,,,,,,,,,,,,,,,,,,,,,,,,,,,,,,,,,,,,,,,,,,,,,,,,,,,,,,,,,,,,,,,,,,,,,,,,,,
77,26,46,36,65,8,27,9,35,7,50,7,22,9,28,5,43,23,31,16,46,29,78,50,54,43,73,46.0,82.0,65.0,66.0,59.0,104.0,76.0,94.0,0.0,0.0,0.0,7.0,17.0,23.0,0.0,100.0,70.0,70.0,56.0,52.0,30.0,131.0,148.0,162.0,111.0,130.0,139.0,135.0,117.0,183.0,160.0,183.0,156.0,265.0,235.0,175.0,126.0,473.0,420.0,513.0,505.0,534.0,475.0,609.0,676.0,814.0,858.0,,,,,,,,,,,,,,,,,,,,,,,,,,,,,,,,,,,,,,,,,,,,,,,,,,,,,,,,,,,,,,,,,,,,,,,,,,,,,,,,,,,,,,,,,,,,,,,,,,,,,,,,,,,,,,,,,,,,,,,,,,,,,,,,,,,,,,,,,,,,,,,,,,,,,,,,,,,,
78,25,51,32,67,48,45,42,59,9,24,9,11,10,10,17,15,17,31,0,0,0,0,0,0,16,9,8.0,0.0,0.0,6.0,0.0,19.0,0.0,0.0,0.0,0.0,-23.0,1.0,-12.0,15.0,0.0,31.0,12.0,65.0,-5.0,20.0,2.0,2.0,0.0,0.0,12.0,0.0,3.0,3.0,-4.0,-16.0,-19.0,-21.0,-11.0,0.0,-31.0,-27.0,-24.0,14.0,-60.0,-35.0,-73.0,-15.0,-33.0,-2.0,-13.0,-10.0,-5.0,84.0,50.0,98.0,29.0,54.0,15.0,0.0,10.0,10.0,0.0,0.0,0.0,0.0,8.0,,,,,,,,,,,,,,,,,,,,,,,,,,,,,,,,,,,,,,,,,,,,,,,,,,,,,,,,,,,,,,,,,,,,,,,,,,,,,,,,,,,,,,,,,,,,,,,,,,,,,,,,,,,,,,,,,,,,,,,,,,,,,,,,,,,,,,,,,,,,,,
79,21,40,21,49,11,25,21,27,31,41,24,40,7,39,18,16,10,12,13,8,0,-13,-12,-23,-42,-38,-72.0,-28.0,-83.0,0.0,-20.0,7.0,-8.0,13.0,-19.0,151.0,72.0,89.0,99.0,185.0,147.0,176.0,166.0,201.0,174.0,293.0,296.0,313.0,313.0,345.0,310.0,560.0,443.0,570.0,634.0,669.0,682.0,690.0,663.0,847.0,837.0,848.0,637.0,836.0,862.0,838.0,870.0,,,,,,,,,,,,,,,,,,,,,,,,,,,,,,,,,,,,,,,,,,,,,,,,,,,,,,,,,,,,,,,,,,,,,,,,,,,,,,,,,,,,,,,,,,,,,,,,,,,,,,,,,,,,,,,,,,,,,,,,,,,,,,,,,,,,,,,,,,,,,,,,,,,,,,,,,,,,,,,,,,
80,35,49,52,61,48,53,39,43,19,29,16,30,24,25,19,21,23,36,31,37,25,23,36,39,32,18,11.0,46.0,28.0,49.0,28.0,68.0,44.0,104.0,86.0,83.0,97.0,109.0,92.0,112.0,99.0,101.0,107.0,132.0,152.0,196.0,169.0,182.0,179.0,171.0,176.0,197.0,196.0,211.0,188.0,206.0,179.0,271.0,262.0,276.0,132.0,465.0,505.0,488.0,572.0,,,,,,,,,,,,,,,,,,,,,,,,,,,,,,,,,,,,,,,,,,,,,,,,,,,,,,,,,,,,,,,,,,,,,,,,,,,,,,,,,,,,,,,,,,,,,,,,,,,,,,,,,,,,,,,,,,,,,,,,,,,,,,,,,,,,,,,,,,,,,,,,,,,,,,,,,,,,,,,,,,,,
81,23,36,4,45,20,16,31,32,28,36,28,49,31,62,45,55,51,74,50,82,39,68,45,24,29,23,4.0,-1.0,3.0,-15.0,-68.0,-45.0,-12.0,17.0,-26.0,25.0,-75.0,-12.0,-27.0,-11.0,-16.0,0.0,-15.0,0.0,-4.0,0.0,0.0,-8.0,-22.0,-13.0,-30.0,1.0,0.0,8.0,3.0,46.0,0.0,0.0,0.0,8.0,0.0,-25.0,-23.0,-7.0,-18.0,-32.0,-63.0,-12.0,-23.0,0.0,0.0,0.0,0.0,5.0,0.0,2.0,1.0,0.0,0.0,0.0,,,,,,,,,,,,,,,,,,,,,,,,,,,,,,,,,,,,,,,,,,,,,,,,,,,,,,,,,,,,,,,,,,,,,,,,,,,,,,,,,,,,,,,,,,,,,,,,,,,,,,,,,,,,,,,,,,,,,,,,,,,,,,,,,,,,,,,,,,,,,,,,,,,,,
82,28,51,28,42,30,56,14,24,8,22,0,27,25,19,14,23,12,52,46,53,47,53,41,52,-24,-21,-33.0,-20.0,-56.0,-17.0,-18.0,0.0,-61.0,-11.0,-35.0,12.0,-6.0,16.0,25.0,124.0,93.0,129.0,79.0,87.0,82.0,75.0,86.0,74.0,75.0,68.0,56.0,64.0,58.0,83.0,57.0,70.0,55.0,65.0,66.0,87.0,63.0,90.0,20.0,32.0,23.0,41.0,28.0,37.0,32.0,39.0,25.0,39.0,25.0,38.0,29.0,29.0,25.0,27.0,25.0,24.0,27.0,24.0,37.0,36.0,33.0,41.0,31.0,39.0,28.0,23.0,28.0,,,,,,,,,,,,,,,,,,,,,,,,,,,,,,,,,,,,,,,,,,,,,,,,,,,,,,,,,,,,,,,,,,,,,,,,,,,,,,,,,,,,,,,,,,,,,,,,,,,,,,,,,,,,,,,,,,,,,,,,,,,,,,,,,,,,,,,,,,
83,22,36,44,48,30,47,16,14,-11,25,-11,12,-64,-74,-76,-64,-66,-84,-83,-31,-204,-224,-222,-233,-237,-94,-78.0,-72.0,-75.0,-66.0,-155.0,-141.0,-238.0,-190.0,-252.0,-253.0,-259.0,-211.0,-297.0,-221.0,-259.0,-257.0,-282.0,-238.0,-303.0,-248.0,-439.0,-477.0,-469.0,-477.0,-440.0,-468.0,-447.0,-443.0,-464.0,-456.0,-482.0,-463.0,-451.0,-412.0,-682.0,-234.0,-235.0,-193.0,-232.0,-202.0,-227.0,-245.0,-251.0,-178.0,-494.0,-503.0,-564.0,-592.0,-622.0,-455.0,-501.0,-496.0,-518.0,-497.0,-524.0,-528.0,-515.0,-467.0,-511.0,-521.0,-542.0,-510.0,-536.0,-563.0,-586.0,-541.0,-541.0,-480.0,-569.0,-577.0,-624.0,-564.0,-644.0,-658.0,-656.0,-649.0,-653.0,-723.0,-742.0,-703.0,-756.0,-758.0,-1151.0,-1162.0,,,,,,,,,,,,,,,,,,,,,,,,,,,,,,,,,,,,,,,,,,,,,,,,,,,,,,,,,,,,,,,,,,,,,,,,,,,,,,,,,,,,,,,,,,,,,,,,,,,,,,,,,,,,,,,,,,,,,,,
84,24,34,24,50,37,62,62,73,47,80,74,83,32,49,35,50,33,52,35,40,37,42,35,43,27,49,31.0,35.0,29.0,36.0,36.0,43.0,24.0,58.0,28.0,99.0,76.0,87.0,75.0,77.0,61.0,64.0,59.0,66.0,72.0,58.0,71.0,80.0,31.0,150.0,35.0,43.0,37.0,81.0,58.0,65.0,16.0,32.0,32.0,19.0,18.0,33.0,11.0,58.0,12.0,16.0,10.0,47.0,27.0,67.0,63.0,87.0,72.0,70.0,46.0,61.0,62.0,63.0,15.0,5.0,0.0,0.0,0.0,57.0,0.0,0.0,-45.0,-20.0,-25.0,-33.0,-27.0,-29.0,-25.0,-38.0,-31.0,-27.0,-31.0,-31.0,-105.0,-102.0,-88.0,-90.0,-85.0,-38.0,-58.0,-72.0,-83.0,-98.0,-111.0,-82.0,-72.0,-8.0,-6.0,-18.0,-15.0,-11.0,-9.0,-4.0,-4.0,-3.0,-18.0,-12.0,-48.0,-41.0,-41.0,0.0,0.0,0.0,-29.0,0.0,0.0,0.0,0.0,28.0,12.0,2.0,0.0,0.0,0.0,0.0,0.0,0.0,0.0,0.0,,,,,,,,,,,,,,,,,,,,,,,,,,,,,,,,,,,,,,,,,,,,,,,,,,,,,,,,,,,,,,,,,,,,,,,,,,,,,,,,,,,,,
85,18,38,39,37,20,23,21,31,8,20,17,24,15,12,-26,-9,-4,27,0,26,-42,-15,-38,6,-2,-10,-25.0,0.0,-50.0,3.0,-44.0,-17.0,-55.0,-11.0,-18.0,-20.0,-13.0,0.0,0.0,-3.0,-9.0,0.0,1.0,-2.0,6.0,4.0,-37.0,-40.0,-16.0,-7.0,-10.0,0.0,-2.0,-6.0,-51.0,-43.0,-41.0,-33.0,-38.0,-37.0,-36.0,0.0,-75.0,-57.0,-54.0,-55.0,-62.0,-46.0,-55.0,-54.0,-52.0,-61.0,-86.0,-78.0,-145.0,-90.0,-83.0,-97.0,-86.0,-84.0,-81.0,-87.0,-116.0,-101.0,-96.0,-63.0,-76.0,0.0,0.0,0.0,0.0,0.0,-59.0,-37.0,-53.0,-73.0,-77.0,32.0,46.0,24.0,29.0,26.0,5.0,4.0,7.0,7.0,3.0,5.0,1.0,8.0,2.0,1.0,11.0,4.0,4.0,64.0,0.0,53.0,4.0,4.0,0.0,0.0,,,,,,,,,,,,,,,,,,,,,,,,,,,,,,,,,,,,,,,,,,,,,,,,,,,,,,,,,,,,,,,,,,,,,,,,,,,,,,,,,,,,,,,,,,,,,,,,,,,,,,,,,,,
86,5,53,20,64,43,55,21,55,38,40,32,69,55,52,29,44,18,62,56,112,107,107,100,107,100,150,105.0,122.0,104.0,230.0,211.0,192.0,59.0,31.0,45.0,58.0,56.0,72.0,48.0,88.0,126.0,220.0,262.0,231.0,297.0,294.0,218.0,382.0,448.0,512.0,194.0,227.0,134.0,93.0,0.0,0.0,-25.0,106.0,0.0,0.0,0.0,0.0,-48.0,-48.0,-49.0,13.0,-58.0,-48.0,-307.0,-82.0,-135.0,-137.0,-232.0,-221.0,-239.0,-62.0,-179.0,-23.0,-35.0,-45.0,-28.0,-34.0,-41.0,-37.0,-33.0,-39.0,-88.0,-1.0,0.0,98.0,87.0,111.0,97.0,114.0,85.0,81.0,69.0,101.0,107.0,287.0,262.0,365.0,472.0,559.0,544.0,824.0,287.0,347.0,0.0,3.0,-34.0,-19.0,-24.0,-3.0,0.0,0.0,-12.0,0.0,0.0,0.0,0.0,0.0,0.0,0.0,0.0,0.0,0.0,5.0,0.0,6.0,-753.0,-731.0,-729.0,-729.0,-709.0,-726.0,-724.0,-723.0,,,,,,,,,,,,,,,,,,,,,,,,,,,,,,,,,,,,,,,,,,,,,,,,,,,,,,,,,,,,,,,,,,,,,,,,,,,,,,,,,,,,,,,,,,,
87,22,52,33,72,3,34,0,19,15,17,20,26,27,51,24,48,59,55,40,40,-3,88,50,53,30,68,91.0,82.0,70.0,74.0,37.0,109.0,88.0,85.0,91.0,100.0,96.0,114.0,99.0,113.0,90.0,144.0,79.0,107.0,105.0,76.0,66.0,70.0,75.0,107.0,99.0,106.0,119.0,99.0,89.0,90.0,80.0,296.0,248.0,306.0,274.0,360.0,371.0,463.0,445.0,595.0,600.0,612.0,639.0,675.0,703.0,649.0,667.0,680.0,709.0,721.0,713.0,726.0,485.0,716.0,430.0,440.0,384.0,611.0,628.0,694.0,693.0,693.0,687.0,717.0,688.0,688.0,694.0,691.0,675.0,705.0,708.0,719.0,743.0,762.0,761.0,821.0,809.0,826.0,795.0,1012.0,1137.0,,,,,,,,,,,,,,,,,,,,,,,,,,,,,,,,,,,,,,,,,,,,,,,,,,,,,,,,,,,,,,,,,,,,,,,,,,,,,,,,,,,,,,,,,,,,,,,,,,,,,,,,,,,,,,,,,,,,,,,,,,
88,23,52,25,43,24,54,47,45,29,52,25,59,45,35,57,84,101,90,87,115,70,80,22,11,24,38,19.0,35.0,10.0,50.0,27.0,17.0,44.0,32.0,34.0,148.0,169.0,175.0,174.0,158.0,152.0,181.0,152.0,151.0,150.0,147.0,35.0,33.0,0.0,117.0,67.0,211.0,121.0,152.0,151.0,184.0,97.0,155.0,176.0,171.0,181.0,221.0,222.0,226.0,53.0,300.0,277.0,406.0,386.0,416.0,418.0,455.0,421.0,707.0,705.0,733.0,733.0,,,,,,,,,,,,,,,,,,,,,,,,,,,,,,,,,,,,,,,,,,,,,,,,,,,,,,,,,,,,,,,,,,,,,,,,,,,,,,,,,,,,,,,,,,,,,,,,,,,,,,,,,,,,,,,,,,,,,,,,,,,,,,,,,,,,,,,,,,,,,,,,,,,,,,,,
89,34,40,23,52,43,45,30,41,25,37,24,25,32,30,14,25,8,20,12,4,2,7,0,14,11,23,22.0,37.0,30.0,44.0,40.0,48.0,57.0,48.0,5.0,76.0,37.0,62.0,52.0,103.0,13.0,73.0,103.0,98.0,71.0,81.0,88.0,83.0,64.0,82.0,55.0,252.0,314.0,325.0,299.0,325.0,304.0,306.0,246.0,260.0,229.0,235.0,243.0,305.0,248.0,341.0,262.0,265.0,270.0,335.0,316.0,361.0,378.0,394.0,342.0,392.0,412.0,343.0,389.0,449.0,339.0,427.0,160.0,194.0,176.0,194.0,194.0,158.0,108.0,134.0,93.0,134.0,116.0,190.0,203.0,262.0,58.0,68.0,77.0,37.0,17.0,5.0,32.0,25.0,42.0,35.0,53.0,569.0,480.0,1185.0,1260.0,1258.0,1269.0,,,,,,,,,,,,,,,,,,,,,,,,,,,,,,,,,,,,,,,,,,,,,,,,,,,,,,,,,,,,,,,,,,,,,,,,,,,,,,,,,,,,,,,,,,,,,,,,,,,,,,,,,,,,,,,,,,,,
90,37,43,47,41,46,51,12,31,21,37,27,25,29,25,12,13,17,17,11,31,-37,-38,-40,-33,-55,-32,-62.0,-46.0,-102.0,-68.0,-163.0,-130.0,-153.0,-81.0,-164.0,-62.0,-71.0,-72.0,-73.0,-64.0,-69.0,-73.0,-80.0,-80.0,-111.0,-104.0,-128.0,-134.0,-153.0,-152.0,-149.0,-88.0,-79.0,-71.0,-95.0,-81.0,-81.0,-69.0,-74.0,-45.0,-45.0,-67.0,-169.0,-132.0,-264.0,-301.0,-346.0,-288.0,-296.0,-51.0,-81.0,-43.0,-38.0,-64.0,-54.0,0.0,0.0,0.0,0.0,0.0,-5.0,0.0,0.0,-1.0,-8.0,0.0,-11.0,0.0,-1.0,0.0,-62.0,-29.0,-31.0,-31.0,-184.0,-139.0,-111.0,-134.0,-191.0,-162.0,-571.0,-564.0,-1048.0,-574.0,-636.0,-645.0,-716.0,-501.0,-596.0,-600.0,-600.0,-534.0,-774.0,-502.0,-605.0,-589.0,-638.0,-623.0,-755.0,-728.0,-753.0,-917.0,-966.0,-974.0,-1279.0,-1311.0,-1337.0,-62.0,-60.0,-59.0,-57.0,-57.0,-60.0,-56.0,-55.0,-51.0,-51.0,-51.0,-50.0,-50.0,-50.0,-50.0,-50.0,-50.0,-50.0,,,,,,,,,,,,,,,,,,,,,,,,,,,,,,,,,,,,,,,,,,,,,,,,,,,,,,,,,,,,,,,,,,,,,,,,,,,,,,,,,,,,
91,36,49,22,50,43,61,5,64,20,47,28,37,47,58,36,37,13,33,18,4,5,26,13,16,0,0,-2.0,12.0,23.0,23.0,25.0,20.0,18.0,21.0,25.0,10.0,12.0,12.0,4.0,26.0,24.0,48.0,23.0,15.0,0.0,11.0,6.0,9.0,0.0,0.0,0.0,9.0,0.0,28.0,5.0,31.0,15.0,367.0,247.0,326.0,296.0,294.0,41.0,111.0,0.0,0.0,0.0,0.0,0.0,10.0,9.0,153.0,115.0,137.0,97.0,124.0,0.0,129.0,164.0,94.0,0.0,17.0,0.0,0.0,0.0,0.0,0.0,0.0,0.0,0.0,0.0,0.0,0.0,0.0,,,,,,,,,,,,,,,,,,,,,,,,,,,,,,,,,,,,,,,,,,,,,,,,,,,,,,,,,,,,,,,,,,,,,,,,,,,,,,,,,,,,,,,,,,,,,,,,,,,,,,,,,,,,,,,,,,,,,,,,,,,,,,,,,,,,,,,
92,34,55,42,63,12,25,23,29,30,27,25,53,13,6,0,27,21,29,7,21,-12,65,34,50,69,142,127.0,131.0,114.0,95.0,107.0,92.0,97.0,86.0,0.0,60.0,0.0,258.0,211.0,214.0,222.0,282.0,270.0,292.0,276.0,322.0,-109.0,-28.0,8.0,1.0,-162.0,-153.0,-172.0,20.0,15.0,206.0,179.0,192.0,0.0,0.0,0.0,0.0,0.0,0.0,0.0,0.0,0.0,0.0,0.0,0.0,0.0,691.0,146.0,326.0,296.0,299.0,304.0,304.0,194.0,285.0,199.0,276.0,256.0,295.0,196.0,289.0,317.0,737.0,748.0,766.0,561.0,623.0,622.0,625.0,623.0,682.0,696.0,710.0,710.0,710.0,713.0,746.0,710.0,,,,,,,,,,,,,,,,,,,,,,,,,,,,,,,,,,,,,,,,,,,,,,,,,,,,,,,,,,,,,,,,,,,,,,,,,,,,,,,,,,,,,,,,,,,,,,,,,,,,,,,,,,,,,,,,,,,,,,,,,,,,,,
93,32,54,36,51,15,15,14,23,12,19,-1,27,21,26,15,10,10,22,4,21,19,20,0,12,7,7,-5.0,8.0,0.0,53.0,26.0,36.0,32.0,44.0,21.0,38.0,12.0,14.0,12.0,40.0,26.0,44.0,-66.0,-37.0,-135.0,-116.0,-167.0,-180.0,-202.0,-79.0,-114.0,-96.0,-110.0,-51.0,-51.0,-33.0,-97.0,-74.0,-104.0,0.0,0.0,0.0,-192.0,-177.0,-157.0,-198.0,-196.0,-248.0,-492.0,-474.0,-482.0,-505.0,-512.0,,,,,,,,,,,,,,,,,,,,,,,,,,,,,,,,,,,,,,,,,,,,,,,,,,,,,,,,,,,,,,,,,,,,,,,,,,,,,,,,,,,,,,,,,,,,,,,,,,,,,,,,,,,,,,,,,,,,,,,,,,,,,,,,,,,,,,,,,,,,,,,,,,,,,,,,,,,,
94,28,69,67,66,66,82,67,87,60,77,50,77,67,62,58,96,67,126,63,151,113,145,86,100,40,91,87.0,150.0,138.0,143.0,134.0,113.0,137.0,174.0,140.0,155.0,143.0,184.0,182.0,262.0,265.0,387.0,393.0,604.0,210.0,212.0,232.0,272.0,286.0,271.0,256.0,368.0,346.0,337.0,267.0,380.0,367.0,418.0,17.0,497.0,555.0,665.0,407.0,576.0,616.0,686.0,748.0,695.0,751.0,912.0,862.0,1011.0,1012.0,1069.0,1101.0,9985.0,9987.0,9996.0,9997.0,9997.0,9998.0,,,,,,,,,,,,,,,,,,,,,,,,,,,,,,,,,,,,,,,,,,,,,,,,,,,,,,,,,,,,,,,,,,,,,,,,,,,,,,,,,,,,,,,,,,,,,,,,,,,,,,,,,,,,,,,,,,,,,,,,,,,,,,,,,,,,,,,,,,,,,,,,,,,,
95,38,48,37,36,47,76,11,46,8,20,8,22,4,49,-22,52,-27,17,-11,93,-17,11,-38,-18,-28,-12,-72.0,-36.0,-68.0,-12.0,-118.0,-102.0,-101.0,-92.0,-82.0,8.0,0.0,0.0,0.0,108.0,92.0,312.0,312.0,287.0,339.0,336.0,347.0,364.0,345.0,403.0,380.0,401.0,407.0,408.0,415.0,404.0,433.0,437.0,458.0,503.0,339.0,586.0,529.0,619.0,601.0,703.0,643.0,645.0,688.0,674.0,674.0,743.0,660.0,714.0,710.0,766.0,667.0,764.0,682.0,774.0,799.0,931.0,1055.0,,,,,,,,,,,,,,,,,,,,,,,,,,,,,,,,,,,,,,,,,,,,,,,,,,,,,,,,,,,,,,,,,,,,,,,,,,,,,,,,,,,,,,,,,,,,,,,,,,,,,,,,,,,,,,,,,,,,,,,,,,,,,,,,,,,,,,,,,,,,,,,,,,
96,19,55,47,46,9,36,-7,6,14,37,20,22,39,56,44,66,-4,0,2,56,51,70,0,29,-9,73,40.0,32.0,25.0,74.0,64.0,69.0,-3.0,18.0,-71.0,-72.0,-91.0,-10.0,-104.0,-86.0,-100.0,-93.0,-91.0,-8.0,-56.0,-3.0,-62.0,-41.0,-439.0,-558.0,-900.0,-978.0,,,,,,,,,,,,,,,,,,,,,,,,,,,,,,,,,,,,,,,,,,,,,,,,,,,,,,,,,,,,,,,,,,,,,,,,,,,,,,,,,,,,,,,,,,,,,,,,,,,,,,,,,,,,,,,,,,,,,,,,,,,,,,,,,,,,,,,,,,,,,,,,,,,,,,,,,,,,,,,,,,,,,,,,,,,,,,,,,
97,24,37,19,37,32,35,30,40,26,36,17,38,1,25,7,11,18,25,19,33,24,32,28,54,-42,39,0.0,17.0,10.0,8.0,12.0,9.0,8.0,21.0,6.0,17.0,14.0,0.0,-60.0,-33.0,-103.0,-40.0,-122.0,-111.0,-93.0,-88.0,-591.0,-573.0,-845.0,-475.0,-2437.0,-311.0,-388.0,-348.0,-564.0,-535.0,-748.0,-658.0,-795.0,-721.0,-831.0,-721.0,-758.0,-744.0,-947.0,-838.0,-837.0,-767.0,-807.0,-813.0,-820.0,-824.0,,,,,,,,,,,,,,,,,,,,,,,,,,,,,,,,,,,,,,,,,,,,,,,,,,,,,,,,,,,,,,,,,,,,,,,,,,,,,,,,,,,,,,,,,,,,,,,,,,,,,,,,,,,,,,,,,,,,,,,,,,,,,,,,,,,,,,,,,,,,,,,,,,,,,,,,,,,,,
98,42,36,42,54,13,30,20,32,26,32,32,16,17,9,4,12,11,25,1,17,-6,11,-6,27,51,24,76.0,73.0,-92.0,-50.0,-83.0,-87.0,-82.0,-75.0,-87.0,-84.0,-86.0,-78.0,-95.0,-75.0,-192.0,-172.0,-159.0,-113.0,-316.0,-188.0,-184.0,-196.0,-174.0,-155.0,-214.0,-166.0,-150.0,-152.0,-164.0,-151.0,-153.0,-171.0,-222.0,-18.0,-29.0,-6.0,-10.0,0.0,0.0,0.0,0.0,0.0,,,,,,,,,,,,,,,,,,,,,,,,,,,,,,,,,,,,,,,,,,,,,,,,,,,,,,,,,,,,,,,,,,,,,,,,,,,,,,,,,,,,,,,,,,,,,,,,,,,,,,,,,,,,,,,,,,,,,,,,,,,,,,,,,,,,,,,,,,,,,,,,,,,,,,,,,,,,,,,,,
99,13,52,22,50,5,31,13,25,18,29,-45,-37,-64,-54,-65,-41,-111,-85,-83,-77,-81,-75,-100,-63,-147,-46,-55.0,-45.0,-30.0,-31.0,-32.0,-6.0,-92.0,-81.0,-101.0,-91.0,-83.0,-70.0,-72.0,-58.0,-118.0,-89.0,-140.0,-99.0,-134.0,-110.0,-132.0,-94.0,-128.0,-26.0,-156.0,-156.0,-200.0,-172.0,-238.0,-187.0,-193.0,-112.0,-217.0,-110.0,-154.0,-176.0,-257.0,-215.0,-267.0,-87.0,-171.0,-163.0,-297.0,-96.0,-170.0,-161.0,-173.0,-138.0,-164.0,-164.0,-161.0,-7.0,-146.0,-167.0,-159.0,-46.0,-43.0,0.0,0.0,16.0,0.0,7.0,9.0,0.0,0.0,40.0,0.0,0.0,0.0,60.0,0.0,0.0,0.0,0.0,,,,,,,,,,,,,,,,,,,,,,,,,,,,,,,,,,,,,,,,,,,,,,,,,,,,,,,,,,,,,,,,,,,,,,,,,,,,,,,,,,,,,,,,,,,,,,,,,,,,,,,,,,,,,,,,,,,,,,,,,,,,,,,,,
100,37,39,29,35,23,36,-4,49,44,41,36,62,70,97,25,27,19,18,-5,58,36,49,-21,35,31,34,44.0,49.0,3.0,49.0,14.0,68.0,60.0,64.0,20.0,78.0,77.0,82.0,56.0,105.0,86.0,92.0,119.0,108.0,143.0,145.0,135.0,115.0,73.0,90.0,109.0,98.0,69.0,89.0,55.0,159.0,150.0,263.0,-176.0,-157.0,-189.0,29.0,11.0,32.0,22.0,23.0,0.0,14.0,0.0,0.0,0.0,170.0,0.0,131.0,162.0,188.0,65.0,126.0,-191.0,0.0,-158.0,-118.0,-125.0,199.0,17.0,27.0,59.0,42.0,0.0,0.0,0.0,0.0,-279.0,-428.0,-382.0,-415.0,-500.0,13.0,0.0,0.0,-5.0,0.0,0.0,98.0,42.0,706.0,707.0,792.0,767.0,,,,,,,,,,,,,,,,,,,,,,,,,,,,,,,,,,,,,,,,,,,,,,,,,,,,,,,,,,,,,,,,,,,,,,,,,,,,,,,,,,,,,,,,,,,,,,,,,,,,,,,,,,,,,,,,,,,,,,,,
101,23,37,4,55,9,11,-21,-3,-24,-16,-3,0,0,23,5,20,0,4,-3,47,60,75,-12,30,13,28,-41.0,-36.0,-36.0,-12.0,-37.0,-10.0,-24.0,-38.0,-42.0,-36.0,-34.0,-15.0,-17.0,-15.0,-59.0,-48.0,-66.0,-20.0,-28.0,-32.0,-38.0,0.0,-17.0,19.0,0.0,-14.0,-8.0,128.0,117.0,155.0,98.0,108.0,33.0,62.0,58.0,135.0,69.0,112.0,0.0,0.0,-32.0,0.0,0.0,16.0,10.0,,,,,,,,,,,,,,,,,,,,,,,,,,,,,,,,,,,,,,,,,,,,,,,,,,,,,,,,,,,,,,,,,,,,,,,,,,,,,,,,,,,,,,,,,,,,,,,,,,,,,,,,,,,,,,,,,,,,,,,,,,,,,,,,,,,,,,,,,,,,,,,,,,,,,,,,,,,,,,
102,35,27,29,32,21,30,24,37,5,-4,4,4,-4,0,-9,9,-8,0,-29,-3,4,-9,-4,-7,-21,-1,0.0,0.0,0.0,15.0,0.0,13.0,27.0,23.0,5.0,12.0,3.0,0.0,1.0,0.0,0.0,-11.0,0.0,0.0,0.0,0.0,0.0,0.0,0.0,8.0,16.0,5.0,15.0,22.0,23.0,22.0,-5.0,3.0,0.0,12.0,0.0,10.0,0.0,0.0,0.0,39.0,0.0,0.0,0.0,0.0,0.0,,,,,,,,,,,,,,,,,,,,,,,,,,,,,,,,,,,,,,,,,,,,,,,,,,,,,,,,,,,,,,,,,,,,,,,,,,,,,,,,,,,,,,,,,,,,,,,,,,,,,,,,,,,,,,,,,,,,,,,,,,,,,,,,,,,,,,,,,,,,,,,,,,,,,,,,,,,,,,
103,31,38,40,31,31,62,34,61,41,46,43,78,43,45,1,5,8,23,0,20,-9,-6,-68,6,0,8,-2.0,25.0,-56.0,-21.0,-56.0,-62.0,-49.0,-75.0,-83.0,-40.0,-49.0,-57.0,-33.0,-39.0,-22.0,0.0,0.0,0.0,4.0,0.0,0.0,64.0,69.0,70.0,70.0,111.0,93.0,75.0,21.0,0.0,0.0,0.0,0.0,181.0,83.0,136.0,108.0,72.0,113.0,97.0,86.0,95.0,88.0,116.0,116.0,94.0,114.0,106.0,105.0,159.0,163.0,161.0,171.0,184.0,166.0,182.0,188.0,191.0,179.0,209.0,206.0,197.0,64.0,67.0,62.0,74.0,75.0,26.0,33.0,57.0,0.0,0.0,0.0,2.0,0.0,0.0,0.0,0.0,0.0,3.0,0.0,0.0,0.0,0.0,0.0,0.0,0.0,0.0,0.0,0.0,0.0,0.0,0.0,0.0,0.0,0.0,0.0,0.0,0.0,0.0,0.0,0.0,0.0,0.0,0.0,0.0,0.0,3.0,0.0,0.0,0.0,0.0,0.0,0.0,0.0,0.0,0.0,0.0,-10.0,0.0,0.0,0.0,0.0,0.0,0.0,0.0,-10.0,0.0,0.0,0.0,0.0,0.0,-4.0,0.0,-3.0,0.0,0.0,0.0,-4.0,0.0,-5.0,0.0,-7.0,0.0,0.0,0.0,0.0,0.0,0.0,0.0,-6.0,0.0,-9.0,-2.0,-11.0,0.0,-5.0,-5.0,-14.0,-2.0,-1.0,-1.0,-5.0,0.0,-9.0,0.0,-5.0,0.0,0.0,0.0,0.0,0.0,-2.0,0.0,0.0,0.0,0.0,0.0,0.0,0.0,0.0,0.0,0.0,0.0,0.0,0.0,0.0,0.0,-2.0,0.0,0.0,0.0,0.0,0.0,0.0,0.0,0.0,0.0,0.0,0.0,0.0,0.0,0.0
104,29,42,48,46,32,55,39,45,37,81,70,88,53,61,60,58,39,62,34,63,37,96,94,102,87,98,94.0,104.0,125.0,130.0,117.0,130.0,116.0,131.0,125.0,141.0,140.0,140.0,127.0,236.0,195.0,221.0,185.0,216.0,221.0,226.0,223.0,210.0,235.0,305.0,288.0,311.0,317.0,319.0,323.0,339.0,348.0,419.0,465.0,529.0,451.0,388.0,327.0,344.0,320.0,429.0,434.0,487.0,533.0,541.0,559.0,578.0,562.0,617.0,391.0,620.0,537.0,574.0,575.0,541.0,494.0,515.0,511.0,572.0,557.0,620.0,620.0,592.0,368.0,464.0,490.0,560.0,335.0,457.0,366.0,475.0,536.0,488.0,573.0,565.0,606.0,,,,,,,,,,,,,,,,,,,,,,,,,,,,,,,,,,,,,,,,,,,,,,,,,,,,,,,,,,,,,,,,,,,,,,,,,,,,,,,,,,,,,,,,,,,,,,,,,,,,,,,,,,,,,,,,,,,,,,,,,,,,,,,,
105,32,27,11,23,12,34,38,27,25,42,23,40,7,49,26,28,-11,4,6,28,20,41,13,79,62,75,66.0,79.0,74.0,94.0,84.0,54.0,0.0,27.0,30.0,35.0,25.0,38.0,0.0,41.0,4.0,143.0,113.0,128.0,129.0,159.0,159.0,226.0,205.0,273.0,257.0,260.0,210.0,216.0,222.0,350.0,216.0,244.0,217.0,229.0,180.0,192.0,196.0,194.0,173.0,220.0,235.0,206.0,37.0,55.0,49.0,70.0,45.0,75.0,83.0,71.0,64.0,66.0,-7.0,-4.0,-59.0,-32.0,-45.0,-49.0,-57.0,0.0,0.0,44.0,26.0,49.0,12.0,14.0,12.0,45.0,0.0,30.0,,,,,,,,,,,,,,,,,,,,,,,,,,,,,,,,,,,,,,,,,,,,,,,,,,,,,,,,,,,,,,,,,,,,,,,,,,,,,,,,,,,,,,,,,,,,,,,,,,,,,,,,,,,,,,,,,,,,,,,,,,,,,,,,,,,,,
106,19,42,13,21,22,23,0,52,27,62,56,59,31,80,40,49,25,55,-2,208,188,275,281,293,283,282,249.0,246.0,227.0,231.0,228.0,243.0,197.0,247.0,142.0,127.0,147.0,134.0,100.0,109.0,78.0,124.0,0.0,25.0,-5.0,32.0,-18.0,169.0,133.0,171.0,169.0,193.0,181.0,213.0,170.0,159.0,181.0,156.0,164.0,161.0,190.0,335.0,305.0,366.0,335.0,437.0,457.0,461.0,454.0,481.0,323.0,349.0,457.0,502.0,523.0,585.0,576.0,800.0,838.0,878.0,909.0,850.0,922.0,928.0,976.0,1225.0,1108.0,1275.0,1294.0,,,,,,,,,,,,,,,,,,,,,,,,,,,,,,,,,,,,,,,,,,,,,,,,,,,,,,,,,,,,,,,,,,,,,,,,,,,,,,,,,,,,,,,,,,,,,,,,,,,,,,,,,,,,,,,,,,,,,,,,,,,,,,,,,,,,,,,,,,,,
107,19,58,55,48,26,30,5,23,12,34,16,17,8,23,21,12,5,52,16,22,8,25,23,37,25,32,17.0,65.0,53.0,62.0,37.0,62.0,43.0,96.0,50.0,81.0,6.0,55.0,57.0,52.0,45.0,56.0,26.0,80.0,54.0,86.0,62.0,151.0,98.0,112.0,103.0,123.0,129.0,84.0,97.0,117.0,115.0,114.0,123.0,133.0,100.0,97.0,80.0,97.0,121.0,102.0,119.0,169.0,159.0,187.0,69.0,62.0,53.0,122.0,109.0,103.0,107.0,122.0,121.0,132.0,65.0,86.0,32.0,17.0,25.0,486.0,492.0,552.0,545.0,553.0,512.0,585.0,387.0,559.0,561.0,578.0,561.0,585.0,607.0,636.0,636.0,705.0,710.0,744.0,777.0,941.0,975.0,975.0,976.0,994.0,755.0,1020.0,1060.0,1069.0,1086.0,1088.0,1091.0,1066.0,1094.0,1104.0,1108.0,1130.0,1141.0,1175.0,765.0,730.0,699.0,726.0,734.0,751.0,747.0,814.0,747.0,849.0,851.0,815.0,984.0,1437.0,1504.0,1654.0,1654.0,1747.0,1657.0,1662.0,1662.0,1667.0,1666.0,1702.0,587.0,544.0,582.0,582.0,596.0,597.0,582.0,579.0,592.0,592.0,592.0,592.0,592.0,592.0,594.0,594.0,594.0,594.0,594.0,1780.0,2709.0,2709.0,2037.0,5285.0,1257.0,1292.0,1251.0,1309.0,1286.0,1309.0,5619.0,,,,,,,,,,,,,,,,,,,,,,,,,,,,,,,,,,,,,,,,,,,,,,,,,,
108,32,41,33,39,32,37,21,41,28,47,38,47,23,40,29,59,31,30,0,9,17,25,12,19,19,32,8.0,19.0,-24.0,-14.0,-40.0,-15.0,-25.0,0.0,-38.0,-29.0,-64.0,-65.0,-90.0,-76.0,-83.0,-55.0,-48.0,-41.0,-88.0,-76.0,-87.0,-75.0,-192.0,-257.0,-270.0,-217.0,-297.0,-308.0,-372.0,-335.0,-330.0,-322.0,-397.0,-405.0,-448.0,-444.0,-455.0,-405.0,-527.0,-562.0,-637.0,-513.0,-563.0,-514.0,-610.0,-475.0,-600.0,-546.0,-584.0,-551.0,-513.0,-439.0,-416.0,-480.0,-508.0,-521.0,-585.0,-608.0,-655.0,-579.0,-617.0,-579.0,-590.0,-588.0,-659.0,-651.0,,,,,,,,,,,,,,,,,,,,,,,,,,,,,,,,,,,,,,,,,,,,,,,,,,,,,,,,,,,,,,,,,,,,,,,,,,,,,,,,,,,,,,,,,,,,,,,,,,,,,,,,,,,,,,,,,,,,,,,,,,,,,,,,,,,,,,,,,
109,30,50,18,34,0,5,3,20,-15,9,-25,4,-12,21,9,3,0,28,14,11,9,18,-4,-3,-11,5,-14.0,8.0,-1.0,8.0,-2.0,3.0,-15.0,40.0,34.0,134.0,-11.0,45.0,16.0,31.0,22.0,23.0,26.0,35.0,26.0,27.0,12.0,38.0,34.0,37.0,-3.0,-4.0,-3.0,0.0,0.0,0.0,6.0,3.0,4.0,17.0,5.0,9.0,7.0,7.0,9.0,10.0,4.0,14.0,7.0,15.0,17.0,24.0,12.0,46.0,37.0,42.0,46.0,51.0,41.0,47.0,51.0,46.0,43.0,59.0,42.0,52.0,46.0,61.0,37.0,47.0,38.0,59.0,35.0,36.0,27.0,71.0,39.0,31.0,14.0,24.0,10.0,23.0,24.0,28.0,30.0,49.0,38.0,43.0,20.0,29.0,5.0,16.0,12.0,81.0,14.0,0.0,-3.0,0.0,0.0,8.0,3.0,1.0,5.0,4.0,3.0,0.0,0.0,0.0,0.0,0.0,0.0,11.0,9.0,7.0,8.0,12.0,4.0,3.0,2.0,2.0,0.0,6.0,1.0,0.0,-2.0,0.0,-7.0,-3.0,0.0,0.0,0.0,0.0,0.0,0.0,0.0,0.0,0.0,0.0,0.0,0.0,0.0,0.0,0.0,0.0,0.0,0.0,,,,,,,,,,,,,,,,,,,,,,,,,,,,,,,,,,,,,,,,,,,,,,,,,,,,,,,,,,,,,,,
110,34,70,46,37,40,50,28,48,15,24,21,29,32,31,27,26,26,26,25,28,19,30,3,26,24,55,56.0,60.0,38.0,43.0,29.0,43.0,40.0,45.0,27.0,61.0,46.0,50.0,54.0,53.0,0.0,0.0,0.0,0.0,0.0,0.0,0.0,0.0,0.0,9.0,0.0,23.0,20.0,34.0,9.0,46.0,36.0,49.0,5.0,12.0,4.0,10.0,13.0,13.0,11.0,12.0,0.0,2.0,0.0,0.0,5.0,0.0,0.0,0.0,0.0,0.0,0.0,0.0,0.0,0.0,0.0,0.0,0.0,0.0,0.0,4.0,0.0,1.0,0.0,0.0,0.0,0.0,0.0,0.0,0.0,0.0,0.0,0.0,0.0,0.0,0.0,0.0,0.0,0.0,0.0,0.0,0.0,0.0,0.0,0.0,0.0,0.0,0.0,0.0,0.0,0.0,0.0,0.0,0.0,,,,,,,,,,,,,,,,,,,,,,,,,,,,,,,,,,,,,,,,,,,,,,,,,,,,,,,,,,,,,,,,,,,,,,,,,,,,,,,,,,,,,,,,,,,,,,,,,,,,,,,,,,,,,,
111,20,34,15,24,20,27,13,15,17,27,34,32,10,17,0,42,21,9,25,20,11,52,43,53,42,48,47.0,68.0,70.0,69.0,51.0,105.0,88.0,98.0,85.0,91.0,91.0,94.0,95.0,91.0,11.0,89.0,58.0,61.0,51.0,66.0,59.0,71.0,74.0,86.0,61.0,86.0,30.0,93.0,55.0,86.0,55.0,68.0,68.0,72.0,58.0,123.0,92.0,239.0,239.0,221.0,278.0,270.0,250.0,287.0,262.0,301.0,320.0,294.0,382.0,370.0,355.0,352.0,370.0,356.0,396.0,400.0,361.0,378.0,347.0,531.0,547.0,543.0,537.0,552.0,581.0,528.0,628.0,638.0,638.0,689.0,701.0,717.0,716.0,716.0,733.0,735.0,717.0,728.0,750.0,,,,,,,,,,,,,,,,,,,,,,,,,,,,,,,,,,,,,,,,,,,,,,,,,,,,,,,,,,,,,,,,,,,,,,,,,,,,,,,,,,,,,,,,,,,,,,,,,,,,,,,,,,,,,,,,,,,,,,,,,,,,
112,42,50,39,50,40,37,10,24,20,30,21,30,22,31,2,14,9,2,2,7,0,0,2,22,25,38,13.0,52.0,45.0,46.0,36.0,43.0,26.0,129.0,97.0,126.0,68.0,98.0,103.0,88.0,71.0,142.0,118.0,228.0,211.0,221.0,187.0,175.0,111.0,57.0,77.0,92.0,42.0,50.0,53.0,174.0,37.0,41.0,53.0,44.0,17.0,69.0,15.0,0.0,-93.0,-135.0,-204.0,-138.0,-199.0,-190.0,-208.0,-182.0,-197.0,-215.0,-195.0,-200.0,-224.0,-88.0,-117.0,0.0,-235.0,,,,,,,,,,,,,,,,,,,,,,,,,,,,,,,,,,,,,,,,,,,,,,,,,,,,,,,,,,,,,,,,,,,,,,,,,,,,,,,,,,,,,,,,,,,,,,,,,,,,,,,,,,,,,,,,,,,,,,,,,,,,,,,,,,,,,,,,,,,,,,,,,,,,
