,0,1,2,3,4,5,6,7,8,9,10,11,12,13,14,15,16,17,18,19,20,21,22,23,24,25,26,27,28,29,30,31,32,33,34,35,36,37,38,39,40,41,42,43,44,45,46,47,48,49,50,51,52,53,54,55,56,57,58,59,60,61,62,63,64,65,66,67,68,69,70,71,72,73,74,75,76,77,78,79,80,81,82,83,84,85,86,87,88,89,90,91,92,93,94,95,96,97,98,99,100,101,102,103,104,105,106,107,108,109,110,111,112,113,114,115,116,117,118,119,120,121,122,123,124,125,126,127,128,129,130,131,132,133,134,135,136,137,138,139,140,141,142,143,144,145,146,147,148,149,150,151,152,153,154,155,156,157,158,159,160,161,162,163,164,165,166,167,168,169,170,171,172,173,174,175,176,177,178,179,180,181,182,183,184,185,186,187,188,189,190,191,192,193,194,195,196,197,198,199,200,201,202,203,204,205,206,207,208,209,210,211,212,213,214,215,216,217,218,219,220,221,222,223,224,225,226,227,228,229,230,231,232,233,234,235
0,21,33,32,41,14,32,11,22,-8,36,23,31,19,27,25,28,4,12,19,26,18,13,-1,0,-46,-2.0,-29.0,-6.0,-12.0,-4.0,-62.0,-23.0,-49.0,-49.0,-66.0,-36.0,-60.0,-51.0,-70.0,-51.0,-46.0,-40.0,-46.0,-62.0,-69.0,-40.0,-73.0,0.0,-72.0,-60.0,-80.0,-71.0,-51.0,-33.0,-89.0,-62.0,-92.0,-76.0,-69.0,-66.0,-141.0,-129.0,-131.0,-158.0,-328.0,-329.0,-309.0,-293.0,-443.0,-323.0,-360.0,-373.0,-393.0,-412.0,-470.0,-482.0,-530.0,-417.0,-460.0,-521.0,-549.0,-636.0,-738.0,-748.0,-940.0,-931.0,-995.0,-1178.0,-1249.0,-1371.0,,,,,,,,,,,,,,,,,,,,,,,,,,,,,,,,,,,,,,,,,,,,,,,,,,,,,,,,,,,,,,,,,,,,,,,,,,,,,,,,,,,,,,,,,,,,,,,,,,,,,,,,,,,,,,,,,,,,,,,,,,,,,,,,,,,,,,,,,,,,,,,,,,
1,30,62,56,66,51,52,66,68,55,77,68,70,66,70,49,53,44,75,46,74,58,75,77,60,49,53.0,21.0,47.0,25.0,23.0,7.0,37.0,14.0,20.0,5.0,10.0,2.0,0.0,0.0,0.0,0.0,0.0,0.0,0.0,0.0,0.0,-5.0,-5.0,-3.0,0.0,0.0,2.0,-5.0,0.0,3.0,0.0,-2.0,4.0,0.0,14.0,13.0,14.0,14.0,14.0,7.0,4.0,6.0,12.0,5.0,8.0,4.0,6.0,8.0,5.0,15.0,10.0,0.0,0.0,3.0,1.0,0.0,0.0,0.0,0.0,0.0,0.0,0.0,1.0,0.0,0.0,0.0,0.0,0.0,0.0,0.0,0.0,0.0,4.0,0.0,2.0,0.0,0.0,0.0,0.0,0.0,0.0,0.0,0.0,0.0,0.0,0.0,0.0,0.0,,,,,,,,,,,,,,,,,,,,,,,,,,,,,,,,,,,,,,,,,,,,,,,,,,,,,,,,,,,,,,,,,,,,,,,,,,,,,,,,,,,,,,,,,,,,,,,,,,,,,,,,,,,,,,,,,,,,,,,,,,,
2,18,58,29,42,38,48,36,40,5,13,10,20,11,22,20,20,10,24,14,16,5,9,-4,49,31,46.0,17.0,23.0,-3.0,14.0,35.0,33.0,0.0,21.0,6.0,57.0,11.0,33.0,5.0,20.0,0.0,0.0,-25.0,-10.0,0.0,0.0,-43.0,0.0,0.0,0.0,-26.0,0.0,-78.0,-34.0,-69.0,-48.0,-55.0,-42.0,-268.0,-309.0,-392.0,-357.0,-387.0,-327.0,-339.0,-384.0,-414.0,-398.0,-331.0,-337.0,-474.0,-480.0,-570.0,-621.0,-649.0,-617.0,-705.0,-770.0,-809.0,-790.0,-813.0,-615.0,-685.0,-632.0,,,,,,,,,,,,,,,,,,,,,,,,,,,,,,,,,,,,,,,,,,,,,,,,,,,,,,,,,,,,,,,,,,,,,,,,,,,,,,,,,,,,,,,,,,,,,,,,,,,,,,,,,,,,,,,,,,,,,,,,,,,,,,,,,,,,,,,,,,,,,,,,,,,,,,,,
3,22,26,25,36,27,55,28,52,49,61,36,64,50,38,40,44,19,19,3,31,15,37,27,39,47,77.0,-6.0,6.0,-2.0,11.0,9.0,47.0,29.0,48.0,21.0,12.0,17.0,45.0,0.0,5.0,0.0,0.0,0.0,11.0,0.0,-10.0,0.0,0.0,-16.0,0.0,-15.0,0.0,0.0,-5.0,-12.0,0.0,,,,,,,,,,,,,,,,,,,,,,,,,,,,,,,,,,,,,,,,,,,,,,,,,,,,,,,,,,,,,,,,,,,,,,,,,,,,,,,,,,,,,,,,,,,,,,,,,,,,,,,,,,,,,,,,,,,,,,,,,,,,,,,,,,,,,,,,,,,,,,,,,,,,,,,,,,,,,,,,,,,,,,,,,,,,,,,,,,,,
4,34,41,36,33,40,49,30,38,14,37,-50,-25,-47,-37,-70,-12,-20,3,-24,-12,-40,-39,-46,-24,-18,-10.0,-23.0,-11.0,-19.0,-12.0,-22.0,0.0,4.0,2.0,-10.0,-14.0,-10.0,-16.0,-12.0,0.0,0.0,0.0,-5.0,0.0,0.0,0.0,0.0,0.0,0.0,-11.0,-11.0,-7.0,-12.0,-15.0,-5.0,-6.0,-11.0,-9.0,-14.0,0.0,-33.0,-6.0,-10.0,-8.0,0.0,-4.0,0.0,0.0,0.0,0.0,-6.0,0.0,0.0,0.0,0.0,0.0,-4.0,0.0,-4.0,0.0,0.0,0.0,0.0,0.0,,,,,,,,,,,,,,,,,,,,,,,,,,,,,,,,,,,,,,,,,,,,,,,,,,,,,,,,,,,,,,,,,,,,,,,,,,,,,,,,,,,,,,,,,,,,,,,,,,,,,,,,,,,,,,,,,,,,,,,,,,,,,,,,,,,,,,,,,,,,,,,,,,,,,,,,
5,32,37,30,32,37,28,32,58,33,49,35,51,30,44,46,64,51,57,51,51,55,52,49,62,39,87.0,68.0,9.0,-10.0,45.0,43.0,76.0,66.0,71.0,57.0,61.0,46.0,50.0,42.0,47.0,54.0,35.0,23.0,68.0,76.0,101.0,93.0,187.0,122.0,131.0,153.0,238.0,280.0,345.0,339.0,327.0,319.0,287.0,297.0,325.0,335.0,364.0,313.0,293.0,295.0,319.0,312.0,318.0,336.0,356.0,388.0,396.0,393.0,416.0,415.0,409.0,408.0,425.0,409.0,472.0,421.0,812.0,877.0,950.0,1014.0,1124.0,1080.0,,,,,,,,,,,,,,,,,,,,,,,,,,,,,,,,,,,,,,,,,,,,,,,,,,,,,,,,,,,,,,,,,,,,,,,,,,,,,,,,,,,,,,,,,,,,,,,,,,,,,,,,,,,,,,,,,,,,,,,,,,,,,,,,,,,,,,,,,,,,,,,,,,,,,
6,43,55,50,66,34,37,-14,9,9,0,48,54,49,40,22,27,35,38,35,68,38,59,50,71,82,72.0,49.0,65.0,-14.0,0.0,-20.0,12.0,14.0,18.0,44.0,151.0,102.0,156.0,87.0,196.0,194.0,223.0,162.0,238.0,236.0,242.0,279.0,227.0,224.0,299.0,314.0,340.0,336.0,330.0,361.0,382.0,334.0,398.0,338.0,613.0,641.0,785.0,815.0,,,,,,,,,,,,,,,,,,,,,,,,,,,,,,,,,,,,,,,,,,,,,,,,,,,,,,,,,,,,,,,,,,,,,,,,,,,,,,,,,,,,,,,,,,,,,,,,,,,,,,,,,,,,,,,,,,,,,,,,,,,,,,,,,,,,,,,,,,,,,,,,,,,,,,,,,,,,,,,,,,,,,,,,,,,,,
7,19,31,33,53,44,50,60,66,35,53,-1,6,-19,99,86,109,49,77,71,113,101,88,104,118,107,98.0,80.0,146.0,31.0,23.0,15.0,26.0,13.0,7.0,2.0,-1.0,-1.0,57.0,46.0,62.0,56.0,47.0,40.0,64.0,47.0,57.0,41.0,62.0,42.0,34.0,16.0,37.0,42.0,32.0,33.0,34.0,26.0,77.0,17.0,57.0,38.0,39.0,45.0,35.0,37.0,51.0,49.0,874.0,975.0,1106.0,1112.0,1122.0,1097.0,1284.0,1060.0,,,,,,,,,,,,,,,,,,,,,,,,,,,,,,,,,,,,,,,,,,,,,,,,,,,,,,,,,,,,,,,,,,,,,,,,,,,,,,,,,,,,,,,,,,,,,,,,,,,,,,,,,,,,,,,,,,,,,,,,,,,,,,,,,,,,,,,,,,,,,,,,,,,,,,,,,,,,,,,,,
8,29,51,30,52,27,31,-5,-13,0,25,22,35,9,65,49,44,39,50,43,62,35,62,17,18,11,0.0,-25.0,-5.0,-31.0,-12.0,-28.0,0.0,0.0,0.0,0.0,14.0,13.0,18.0,5.0,33.0,19.0,18.0,21.0,19.0,19.0,20.0,9.0,28.0,23.0,35.0,40.0,45.0,42.0,32.0,21.0,54.0,47.0,48.0,33.0,44.0,42.0,56.0,45.0,73.0,70.0,95.0,25.0,51.0,34.0,24.0,25.0,12.0,20.0,71.0,0.0,4.0,0.0,0.0,0.0,8.0,,,,,,,,,,,,,,,,,,,,,,,,,,,,,,,,,,,,,,,,,,,,,,,,,,,,,,,,,,,,,,,,,,,,,,,,,,,,,,,,,,,,,,,,,,,,,,,,,,,,,,,,,,,,,,,,,,,,,,,,,,,,,,,,,,,,,,,,,,,,,,,,,,,,,,,,,,,,
9,27,64,41,58,38,59,54,72,65,79,54,65,62,62,68,57,52,72,64,78,82,89,85,95,66,105.0,57.0,88.0,87.0,97.0,85.0,129.0,94.0,114.0,116.0,109.0,114.0,113.0,96.0,156.0,138.0,181.0,156.0,277.0,238.0,242.0,108.0,96.0,85.0,150.0,105.0,112.0,129.0,119.0,122.0,134.0,117.0,125.0,121.0,116.0,109.0,156.0,132.0,185.0,176.0,145.0,169.0,153.0,154.0,177.0,146.0,139.0,138.0,387.0,491.0,430.0,437.0,517.0,370.0,508.0,353.0,364.0,416.0,462.0,484.0,531.0,689.0,785.0,796.0,866.0,949.0,904.0,1168.0,1399.0,1500.0,1743.0,2128.0,9987.0,1660.0,1670.0,1978.0,,,,,,,,,,,,,,,,,,,,,,,,,,,,,,,,,,,,,,,,,,,,,,,,,,,,,,,,,,,,,,,,,,,,,,,,,,,,,,,,,,,,,,,,,,,,,,,,,,,,,,,,,,,,,,,,,,,,,,,,,,,,,,,,,,,,,,,
10,27,44,39,43,13,28,17,20,31,19,-43,-53,-103,-64,-93,-84,-117,-127,-124,-120,-114,-113,-131,40,5,35.0,35.0,24.0,56.0,85.0,78.0,113.0,56.0,73.0,101.0,88.0,87.0,75.0,106.0,121.0,122.0,186.0,111.0,120.0,122.0,191.0,210.0,195.0,161.0,162.0,236.0,193.0,209.0,291.0,243.0,253.0,257.0,341.0,375.0,368.0,350.0,418.0,573.0,755.0,772.0,757.0,740.0,750.0,757.0,732.0,752.0,998.0,1046.0,1058.0,1078.0,,,,,,,,,,,,,,,,,,,,,,,,,,,,,,,,,,,,,,,,,,,,,,,,,,,,,,,,,,,,,,,,,,,,,,,,,,,,,,,,,,,,,,,,,,,,,,,,,,,,,,,,,,,,,,,,,,,,,,,,,,,,,,,,,,,,,,,,,,,,,,,,,,,,,,,,,,,,,,,,,
11,20,43,25,65,51,58,40,46,46,71,39,39,38,49,58,58,40,74,43,49,54,68,28,41,41,52.0,19.0,50.0,-19.0,-18.0,-46.0,29.0,21.0,26.0,4.0,12.0,0.0,2.0,2.0,0.0,0.0,37.0,-3.0,-10.0,-27.0,59.0,76.0,87.0,82.0,104.0,90.0,122.0,55.0,101.0,54.0,110.0,121.0,140.0,127.0,144.0,165.0,177.0,127.0,147.0,158.0,167.0,170.0,159.0,166.0,168.0,166.0,171.0,153.0,271.0,248.0,307.0,338.0,339.0,305.0,355.0,437.0,469.0,439.0,509.0,494.0,526.0,521.0,610.0,627.0,640.0,689.0,682.0,668.0,752.0,729.0,767.0,777.0,773.0,774.0,,,,,,,,,,,,,,,,,,,,,,,,,,,,,,,,,,,,,,,,,,,,,,,,,,,,,,,,,,,,,,,,,,,,,,,,,,,,,,,,,,,,,,,,,,,,,,,,,,,,,,,,,,,,,,,,,,,,,,,,,,,,,,,,,,,,,,,,,
12,29,40,36,48,11,16,26,32,12,46,35,64,46,71,48,43,29,39,31,24,-18,-23,0,-25,-17,-26.0,-25.0,-4.0,-27.0,-8.0,-58.0,-35.0,-60.0,-60.0,-69.0,-56.0,-81.0,-102.0,-137.0,-118.0,-136.0,-96.0,-144.0,-67.0,-112.0,-112.0,-333.0,-333.0,-448.0,-452.0,-440.0,-469.0,-497.0,-463.0,-554.0,-388.0,-477.0,-311.0,-339.0,-364.0,-337.0,-241.0,-275.0,-160.0,-192.0,-173.0,-177.0,-128.0,-145.0,-125.0,-105.0,-103.0,-103.0,-100.0,-85.0,-64.0,-66.0,-38.0,-46.0,-25.0,-22.0,-16.0,-53.0,-49.0,-92.0,-100.0,-542.0,-379.0,-659.0,-623.0,-663.0,-720.0,-717.0,-703.0,-821.0,-766.0,-825.0,-740.0,-826.0,-830.0,,,,,,,,,,,,,,,,,,,,,,,,,,,,,,,,,,,,,,,,,,,,,,,,,,,,,,,,,,,,,,,,,,,,,,,,,,,,,,,,,,,,,,,,,,,,,,,,,,,,,,,,,,,,,,,,,,,,,,,,,,,,,,,,,,,,,,,,
13,44,51,46,64,50,65,37,53,45,64,29,62,20,3,-1,12,7,18,-43,-32,-28,-37,-25,-34,-78,-51.0,-41.0,-48.0,-108.0,-108.0,-141.0,-108.0,-108.0,-116.0,-136.0,-114.0,-164.0,-158.0,-167.0,-125.0,-182.0,-98.0,-105.0,-116.0,-77.0,-34.0,-31.0,-28.0,-35.0,-34.0,-70.0,-38.0,-50.0,-4.0,-101.0,-84.0,-128.0,-105.0,-174.0,-169.0,-262.0,-336.0,-350.0,-375.0,-378.0,-383.0,-468.0,-493.0,-543.0,-554.0,-574.0,-558.0,-596.0,-597.0,-634.0,-633.0,-668.0,-665.0,-668.0,-697.0,,,,,,,,,,,,,,,,,,,,,,,,,,,,,,,,,,,,,,,,,,,,,,,,,,,,,,,,,,,,,,,,,,,,,,,,,,,,,,,,,,,,,,,,,,,,,,,,,,,,,,,,,,,,,,,,,,,,,,,,,,,,,,,,,,,,,,,,,,,,,,,,,,,,,,,,,,,,
14,29,38,21,64,14,27,14,35,22,37,30,35,17,21,16,25,0,13,-29,-17,-27,-33,-21,-34,-37,-34.0,-27.0,-32.0,-33.0,-5.0,-11.0,-4.0,14.0,0.0,-3.0,-10.0,11.0,-7.0,-5.0,0.0,0.0,0.0,-5.0,0.0,0.0,3.0,0.0,-1.0,-11.0,-10.0,-12.0,-12.0,-9.0,-7.0,-9.0,-6.0,-6.0,-8.0,-7.0,-5.0,-4.0,-5.0,-2.0,-5.0,-12.0,-3.0,-6.0,0.0,-9.0,0.0,-3.0,0.0,-1.0,-4.0,-1.0,0.0,,,,,,,,,,,,,,,,,,,,,,,,,,,,,,,,,,,,,,,,,,,,,,,,,,,,,,,,,,,,,,,,,,,,,,,,,,,,,,,,,,,,,,,,,,,,,,,,,,,,,,,,,,,,,,,,,,,,,,,,,,,,,,,,,,,,,,,,,,,,,,,,,,,,,,,,,,,,,,,,
15,21,54,24,29,20,23,12,30,14,44,-4,54,46,45,31,57,54,51,58,81,80,64,59,99,63,53.0,60.0,44.0,60.0,63.0,5.0,21.0,-5.0,0.0,-19.0,-9.0,-46.0,-9.0,-12.0,-16.0,-9.0,-14.0,-37.0,-39.0,-49.0,-44.0,-51.0,-67.0,-62.0,-47.0,-55.0,-42.0,-56.0,-59.0,-69.0,-59.0,-62.0,-60.0,-56.0,-42.0,-42.0,-33.0,-33.0,-33.0,-33.0,-33.0,,,,,,,,,,,,,,,,,,,,,,,,,,,,,,,,,,,,,,,,,,,,,,,,,,,,,,,,,,,,,,,,,,,,,,,,,,,,,,,,,,,,,,,,,,,,,,,,,,,,,,,,,,,,,,,,,,,,,,,,,,,,,,,,,,,,,,,,,,,,,,,,,,,,,,,,,,,,,,,,,,,,,,,,,,
16,24,27,30,35,20,34,9,13,2,10,5,5,4,30,-15,-5,-12,9,0,23,-30,42,31,134,138,167.0,129.0,128.0,102.0,108.0,84.0,104.0,80.0,91.0,91.0,82.0,84.0,130.0,86.0,90.0,88.0,123.0,93.0,121.0,118.0,95.0,84.0,102.0,105.0,102.0,91.0,91.0,93.0,83.0,46.0,48.0,14.0,43.0,30.0,31.0,35.0,38.0,44.0,20.0,27.0,45.0,-10.0,0.0,-15.0,0.0,0.0,,,,,,,,,,,,,,,,,,,,,,,,,,,,,,,,,,,,,,,,,,,,,,,,,,,,,,,,,,,,,,,,,,,,,,,,,,,,,,,,,,,,,,,,,,,,,,,,,,,,,,,,,,,,,,,,,,,,,,,,,,,,,,,,,,,,,,,,,,,,,,,,,,,,,,,,,,,,,,,,,,,,,
17,28,35,1,10,0,0,-25,59,29,29,25,33,11,27,0,0,0,10,-55,-41,-39,-38,-55,-35,-47,-19.0,-160.0,-145.0,-141.0,-143.0,-138.0,-130.0,-162.0,-160.0,-175.0,-171.0,-175.0,-64.0,-67.0,-58.0,-52.0,-53.0,-50.0,-49.0,-50.0,-49.0,-42.0,-27.0,-36.0,0.0,-28.0,-32.0,-52.0,-45.0,-43.0,-70.0,-45.0,-53.0,-69.0,-74.0,-110.0,-95.0,-97.0,-70.0,-74.0,-55.0,-69.0,-48.0,-78.0,-38.0,-24.0,-9.0,-97.0,-169.0,-147.0,-260.0,-222.0,-253.0,-296.0,-271.0,-284.0,-247.0,-252.0,-240.0,-244.0,-250.0,-381.0,-336.0,-600.0,-661.0,-593.0,-661.0,-692.0,-692.0,-692.0,-692.0,-780.0,-793.0,,,,,,,,,,,,,,,,,,,,,,,,,,,,,,,,,,,,,,,,,,,,,,,,,,,,,,,,,,,,,,,,,,,,,,,,,,,,,,,,,,,,,,,,,,,,,,,,,,,,,,,,,,,,,,,,,,,,,,,,,,,,,,,,,,,,,,,,,,
18,19,34,28,29,20,34,4,5,-2,3,10,12,0,3,-2,11,-2,0,-21,46,16,46,46,79,71,84.0,66.0,93.0,71.0,101.0,41.0,80.0,35.0,29.0,21.0,9.0,14.0,31.0,38.0,126.0,128.0,168.0,135.0,135.0,49.0,100.0,18.0,609.0,610.0,748.0,729.0,,,,,,,,,,,,,,,,,,,,,,,,,,,,,,,,,,,,,,,,,,,,,,,,,,,,,,,,,,,,,,,,,,,,,,,,,,,,,,,,,,,,,,,,,,,,,,,,,,,,,,,,,,,,,,,,,,,,,,,,,,,,,,,,,,,,,,,,,,,,,,,,,,,,,,,,,,,,,,,,,,,,,,,,,,,,,,,,,,,,,,,,,
19,22,29,22,36,14,25,35,51,40,50,12,28,23,41,41,58,25,96,7,44,-26,-23,-6,-3,-23,0.0,-15.0,0.0,-45.0,-23.0,-53.0,15.0,-26.0,-13.0,0.0,0.0,0.0,-30.0,-37.0,33.0,0.0,24.0,9.0,0.0,0.0,0.0,0.0,0.0,0.0,0.0,0.0,77.0,0.0,-11.0,-9.0,0.0,-2.0,0.0,0.0,0.0,0.0,11.0,0.0,0.0,0.0,206.0,262.0,260.0,277.0,277.0,287.0,316.0,226.0,203.0,223.0,183.0,,,,,,,,,,,,,,,,,,,,,,,,,,,,,,,,,,,,,,,,,,,,,,,,,,,,,,,,,,,,,,,,,,,,,,,,,,,,,,,,,,,,,,,,,,,,,,,,,,,,,,,,,,,,,,,,,,,,,,,,,,,,,,,,,,,,,,,,,,,,,,,,,,,,,,,,,,,,,,,,
20,22,29,29,33,24,25,11,21,16,59,50,62,45,50,35,33,47,50,46,27,39,51,41,44,40,48.0,42.0,58.0,33.0,41.0,26.0,53.0,49.0,87.0,69.0,92.0,83.0,57.0,31.0,30.0,0.0,78.0,53.0,102.0,90.0,90.0,80.0,109.0,61.0,124.0,134.0,108.0,112.0,150.0,121.0,145.0,131.0,143.0,154.0,260.0,98.0,140.0,165.0,172.0,192.0,193.0,233.0,455.0,438.0,526.0,551.0,597.0,573.0,686.0,630.0,743.0,717.0,857.0,939.0,905.0,1001.0,1050.0,1001.0,936.0,1067.0,1199.0,1171.0,1269.0,1434.0,1641.0,1661.0,1705.0,1708.0,2079.0,2489.0,,,,,,,,,,,,,,,,,,,,,,,,,,,,,,,,,,,,,,,,,,,,,,,,,,,,,,,,,,,,,,,,,,,,,,,,,,,,,,,,,,,,,,,,,,,,,,,,,,,,,,,,,,,,,,,,,,,,,,,,,,,,,,,,,,,,,,,,,,,,,
21,16,59,33,41,45,42,45,43,3,14,13,25,22,28,22,28,0,33,34,35,27,29,29,33,26,38.0,38.0,42.0,33.0,36.0,41.0,80.0,75.0,51.0,60.0,69.0,60.0,91.0,76.0,104.0,108.0,85.0,76.0,50.0,56.0,51.0,44.0,75.0,63.0,71.0,0.0,0.0,0.0,0.0,0.0,0.0,0.0,0.0,0.0,0.0,0.0,0.0,0.0,0.0,0.0,0.0,0.0,0.0,0.0,0.0,,,,,,,,,,,,,,,,,,,,,,,,,,,,,,,,,,,,,,,,,,,,,,,,,,,,,,,,,,,,,,,,,,,,,,,,,,,,,,,,,,,,,,,,,,,,,,,,,,,,,,,,,,,,,,,,,,,,,,,,,,,,,,,,,,,,,,,,,,,,,,,,,,,,,,,,,,,,,,,,,,,,,,
22,24,40,35,35,28,32,35,39,47,29,34,53,32,39,32,39,34,36,36,43,27,55,44,45,23,-3.0,0.0,-12.0,12.0,18.0,9.0,6.0,10.0,9.0,6.0,20.0,0.0,0.0,0.0,0.0,0.0,0.0,0.0,0.0,0.0,0.0,0.0,0.0,0.0,,,,,,,,,,,,,,,,,,,,,,,,,,,,,,,,,,,,,,,,,,,,,,,,,,,,,,,,,,,,,,,,,,,,,,,,,,,,,,,,,,,,,,,,,,,,,,,,,,,,,,,,,,,,,,,,,,,,,,,,,,,,,,,,,,,,,,,,,,,,,,,,,,,,,,,,,,,,,,,,,,,,,,,,,,,,,,,,,,,,,,,,,,,
23,30,32,-19,10,0,-6,-5,22,-39,6,6,37,-3,9,9,9,2,15,2,18,-5,15,14,28,18,133.0,133.0,116.0,100.0,145.0,132.0,87.0,72.0,75.0,8.0,27.0,62.0,24.0,16.0,17.0,25.0,0.0,0.0,0.0,0.0,0.0,-26.0,0.0,-1.0,0.0,-174.0,-130.0,-287.0,-341.0,-621.0,-680.0,-712.0,-776.0,-807.0,-742.0,-802.0,-830.0,,,,,,,,,,,,,,,,,,,,,,,,,,,,,,,,,,,,,,,,,,,,,,,,,,,,,,,,,,,,,,,,,,,,,,,,,,,,,,,,,,,,,,,,,,,,,,,,,,,,,,,,,,,,,,,,,,,,,,,,,,,,,,,,,,,,,,,,,,,,,,,,,,,,,,,,,,,,,,,,,,,,,,,,,,,,,,
24,28,55,37,52,42,35,25,43,8,16,2,14,15,25,-48,-7,-12,-28,-46,-28,-42,-17,-11,-10,-16,1.0,-55.0,40.0,-11.0,55.0,47.0,45.0,49.0,43.0,40.0,48.0,30.0,61.0,40.0,45.0,10.0,32.0,45.0,50.0,15.0,10.0,7.0,18.0,7.0,23.0,54.0,46.0,46.0,20.0,0.0,5.0,1.0,0.0,0.0,0.0,0.0,0.0,0.0,0.0,0.0,0.0,0.0,0.0,0.0,0.0,0.0,0.0,0.0,0.0,0.0,0.0,0.0,,,,,,,,,,,,,,,,,,,,,,,,,,,,,,,,,,,,,,,,,,,,,,,,,,,,,,,,,,,,,,,,,,,,,,,,,,,,,,,,,,,,,,,,,,,,,,,,,,,,,,,,,,,,,,,,,,,,,,,,,,,,,,,,,,,,,,,,,,,,,,,,,,,,,,,,,,,,,,,
25,24,47,37,38,25,31,24,38,25,25,15,18,4,12,29,28,14,84,65,68,81,149,113,94,52,64.0,50.0,66.0,15.0,94.0,83.0,104.0,65.0,158.0,125.0,148.0,101.0,143.0,133.0,146.0,126.0,146.0,134.0,137.0,124.0,161.0,170.0,202.0,194.0,210.0,106.0,145.0,162.0,142.0,74.0,92.0,54.0,49.0,53.0,88.0,56.0,69.0,67.0,108.0,49.0,141.0,87.0,96.0,76.0,87.0,69.0,86.0,75.0,118.0,122.0,101.0,101.0,102.0,99.0,80.0,79.0,79.0,77.0,79.0,76.0,69.0,59.0,68.0,75.0,77.0,79.0,74.0,59.0,80.0,68.0,63.0,52.0,66.0,64.0,64.0,58.0,53.0,56.0,61.0,61.0,56.0,57.0,68.0,62.0,67.0,56.0,71.0,52.0,87.0,57.0,73.0,95.0,95.0,65.0,58.0,50.0,71.0,49.0,52.0,64.0,87.0,89.0,83.0,78.0,75.0,89.0,75.0,31.0,149.0,133.0,137.0,190.0,167.0,145.0,178.0,7.0,6.0,0.0,0.0,0.0,13.0,3.0,9.0,7.0,8.0,2.0,9.0,5.0,13.0,14.0,7.0,5.0,2.0,0.0,10.0,12.0,5.0,10.0,5.0,5.0,0.0,0.0,0.0,0.0,0.0,0.0,0.0,0.0,0.0,0.0,0.0,0.0,0.0,0.0,0.0,0.0,0.0,,,,,,,,,,,,,,,,,,,,,,,,,,,,,,,,,,,,,,,,,,,,,,,,,,,,,,
26,31,38,25,45,23,32,28,46,16,29,17,10,23,20,24,22,20,35,4,45,54,54,32,40,28,58.0,10.0,26.0,9.0,26.0,16.0,12.0,9.0,11.0,0.0,5.0,0.0,0.0,0.0,0.0,10.0,19.0,14.0,14.0,20.0,20.0,30.0,56.0,0.0,0.0,0.0,0.0,0.0,0.0,0.0,0.0,19.0,28.0,18.0,9.0,16.0,16.0,9.0,0.0,1.0,4.0,3.0,21.0,0.0,0.0,0.0,0.0,0.0,0.0,,,,,,,,,,,,,,,,,,,,,,,,,,,,,,,,,,,,,,,,,,,,,,,,,,,,,,,,,,,,,,,,,,,,,,,,,,,,,,,,,,,,,,,,,,,,,,,,,,,,,,,,,,,,,,,,,,,,,,,,,,,,,,,,,,,,,,,,,,,,,,,,,,,,,,,,,,,,,,,,,,
27,21,41,10,39,10,33,17,39,15,29,19,26,10,15,8,21,0,11,0,17,6,10,-1,18,5,1.0,0.0,15.0,0.0,10.0,7.0,21.0,5.0,53.0,14.0,33.0,35.0,47.0,0.0,-2.0,-8.0,23.0,-2.0,-11.0,0.0,27.0,26.0,19.0,3.0,0.0,0.0,5.0,0.0,-7.0,0.0,13.0,-10.0,7.0,-9.0,0.0,0.0,0.0,-10.0,-3.0,-16.0,24.0,33.0,30.0,30.0,32.0,20.0,27.0,21.0,12.0,16.0,79.0,86.0,145.0,132.0,131.0,111.0,304.0,299.0,306.0,288.0,372.0,185.0,201.0,194.0,172.0,232.0,280.0,293.0,329.0,318.0,319.0,328.0,406.0,406.0,444.0,467.0,518.0,518.0,518.0,518.0,518.0,518.0,518.0,655.0,670.0,670.0,714.0,756.0,758.0,817.0,,,,,,,,,,,,,,,,,,,,,,,,,,,,,,,,,,,,,,,,,,,,,,,,,,,,,,,,,,,,,,,,,,,,,,,,,,,,,,,,,,,,,,,,,,,,,,,,,,,,,,,,,,,,,,,,,,,,,,,,,
28,16,46,-14,-5,-11,-2,-25,-26,-32,3,-17,-15,-47,-36,-32,-30,-49,-29,-27,0,0,17,8,31,-2,0.0,-42.0,63.0,12.0,0.0,-7.0,3.0,-3.0,0.0,-12.0,-5.0,-26.0,-2.0,-56.0,-53.0,-53.0,137.0,112.0,168.0,124.0,118.0,180.0,255.0,204.0,200.0,209.0,524.0,583.0,574.0,755.0,826.0,846.0,858.0,640.0,1088.0,1160.0,1161.0,1195.0,1407.0,1336.0,9997.0,9998.0,9998.0,9999.0,9999.0,10000.0,,,,,,,,,,,,,,,,,,,,,,,,,,,,,,,,,,,,,,,,,,,,,,,,,,,,,,,,,,,,,,,,,,,,,,,,,,,,,,,,,,,,,,,,,,,,,,,,,,,,,,,,,,,,,,,,,,,,,,,,,,,,,,,,,,,,,,,,,,,,,,,,,,,,,,,,,,,,,,,,,,,,,
29,27,60,38,63,50,54,47,45,39,42,36,81,82,86,80,86,58,50,-2,12,12,38,29,22,-116,73.0,76.0,102.0,67.0,63.0,54.0,71.0,71.0,107.0,112.0,128.0,107.0,103.0,79.0,135.0,135.0,359.0,343.0,342.0,344.0,356.0,375.0,391.0,280.0,400.0,349.0,434.0,480.0,571.0,642.0,769.0,534.0,499.0,516.0,503.0,512.0,711.0,686.0,798.0,589.0,633.0,746.0,9995.0,9996.0,,,,,,,,,,,,,,,,,,,,,,,,,,,,,,,,,,,,,,,,,,,,,,,,,,,,,,,,,,,,,,,,,,,,,,,,,,,,,,,,,,,,,,,,,,,,,,,,,,,,,,,,,,,,,,,,,,,,,,,,,,,,,,,,,,,,,,,,,,,,,,,,,,,,,,,,,,,,,,,,,,,,,,,
30,13,43,23,31,5,28,24,18,15,22,33,30,6,12,9,37,38,46,23,38,28,29,32,35,22,36.0,-1.0,37.0,13.0,103.0,64.0,81.0,67.0,59.0,64.0,83.0,65.0,76.0,53.0,64.0,54.0,151.0,149.0,189.0,116.0,122.0,69.0,85.0,100.0,154.0,73.0,124.0,115.0,263.0,24.0,8.0,0.0,0.0,0.0,0.0,0.0,0.0,0.0,0.0,0.0,0.0,0.0,0.0,0.0,0.0,0.0,0.0,0.0,0.0,0.0,0.0,0.0,0.0,0.0,0.0,0.0,0.0,-71.0,-67.0,-77.0,-65.0,-36.0,0.0,-28.0,0.0,-89.0,-73.0,-71.0,-71.0,-246.0,-439.0,-455.0,-425.0,-643.0,-634.0,,,,,,,,,,,,,,,,,,,,,,,,,,,,,,,,,,,,,,,,,,,,,,,,,,,,,,,,,,,,,,,,,,,,,,,,,,,,,,,,,,,,,,,,,,,,,,,,,,,,,,,,,,,,,,,,,,,,,,,,,,,,,,,,,,,,,,,,
31,25,38,21,45,24,36,34,48,42,36,31,66,66,87,66,90,74,78,10,112,75,160,153,158,137,349.0,250.0,393.0,386.0,373.0,461.0,438.0,218.0,261.0,314.0,322.0,245.0,375.0,351.0,362.0,354.0,357.0,324.0,387.0,470.0,458.0,366.0,404.0,388.0,386.0,401.0,518.0,490.0,509.0,497.0,513.0,529.0,575.0,562.0,561.0,556.0,615.0,623.0,691.0,678.0,679.0,665.0,665.0,611.0,546.0,626.0,638.0,617.0,1015.0,1336.0,1575.0,9978.0,9993.0,9994.0,,,,,,,,,,,,,,,,,,,,,,,,,,,,,,,,,,,,,,,,,,,,,,,,,,,,,,,,,,,,,,,,,,,,,,,,,,,,,,,,,,,,,,,,,,,,,,,,,,,,,,,,,,,,,,,,,,,,,,,,,,,,,,,,,,,,,,,,,,,,,,,,,,,,,,,,,,,,,
32,0,45,-5,53,30,24,22,24,37,45,29,26,15,40,35,40,31,43,35,32,24,50,42,48,0,33.0,15.0,15.0,22.0,31.0,20.0,33.0,9.0,13.0,11.0,11.0,4.0,6.0,6.0,7.0,5.0,0.0,0.0,4.0,0.0,2.0,6.0,23.0,0.0,0.0,-13.0,0.0,-23.0,44.0,23.0,41.0,38.0,22.0,17.0,20.0,13.0,12.0,19.0,28.0,0.0,119.0,134.0,161.0,152.0,175.0,100.0,105.0,111.0,157.0,150.0,168.0,483.0,580.0,561.0,628.0,620.0,702.0,741.0,795.0,780.0,799.0,784.0,892.0,978.0,,,,,,,,,,,,,,,,,,,,,,,,,,,,,,,,,,,,,,,,,,,,,,,,,,,,,,,,,,,,,,,,,,,,,,,,,,,,,,,,,,,,,,,,,,,,,,,,,,,,,,,,,,,,,,,,,,,,,,,,,,,,,,,,,,,,,,,,,,,,,,,,,,,
33,34,49,36,44,33,55,1,27,21,50,23,41,10,17,12,13,4,37,26,36,12,31,15,27,-13,0.0,-49.0,-49.0,-37.0,-32.0,-39.0,-34.0,-48.0,-26.0,-75.0,-1.0,-11.0,6.0,1.0,16.0,12.0,12.0,3.0,22.0,15.0,22.0,19.0,40.0,25.0,42.0,43.0,40.0,54.0,35.0,20.0,24.0,16.0,26.0,12.0,20.0,16.0,25.0,10.0,15.0,9.0,31.0,4.0,9.0,19.0,28.0,5.0,6.0,5.0,6.0,0.0,18.0,0.0,23.0,17.0,25.0,25.0,55.0,46.0,14.0,19.0,26.0,19.0,27.0,20.0,21.0,10.0,18.0,10.0,12.0,12.0,9.0,10.0,6.0,0.0,6.0,6.0,10.0,7.0,18.0,11.0,11.0,6.0,4.0,3.0,11.0,2.0,4.0,4.0,0.0,0.0,0.0,0.0,0.0,0.0,0.0,0.0,0.0,0.0,0.0,0.0,0.0,0.0,0.0,0.0,0.0,0.0,0.0,0.0,0.0,0.0,0.0,0.0,,,,,,,,,,,,,,,,,,,,,,,,,,,,,,,,,,,,,,,,,,,,,,,,,,,,,,,,,,,,,,,,,,,,,,,,,,,,,,,,,,,,,,,,,,,,,,,,,,,
34,13,43,32,25,6,50,49,57,56,47,61,39,35,60,60,78,55,81,49,44,35,49,12,28,13,67.0,49.0,78.0,21.0,53.0,27.0,58.0,36.0,52.0,42.0,33.0,45.0,39.0,-25.0,30.0,19.0,106.0,77.0,90.0,87.0,79.0,93.0,144.0,124.0,167.0,132.0,244.0,265.0,460.0,423.0,475.0,517.0,509.0,489.0,586.0,548.0,563.0,596.0,774.0,688.0,,,,,,,,,,,,,,,,,,,,,,,,,,,,,,,,,,,,,,,,,,,,,,,,,,,,,,,,,,,,,,,,,,,,,,,,,,,,,,,,,,,,,,,,,,,,,,,,,,,,,,,,,,,,,,,,,,,,,,,,,,,,,,,,,,,,,,,,,,,,,,,,,,,,,,,,,,,,,,,,,,,,,,,,,,,
35,38,50,43,60,28,34,20,17,37,48,26,30,12,33,30,35,29,39,5,6,0,10,0,56,0,0.0,0.0,0.0,0.0,0.0,0.0,0.0,0.0,,,,,,,,,,,,,,,,,,,,,,,,,,,,,,,,,,,,,,,,,,,,,,,,,,,,,,,,,,,,,,,,,,,,,,,,,,,,,,,,,,,,,,,,,,,,,,,,,,,,,,,,,,,,,,,,,,,,,,,,,,,,,,,,,,,,,,,,,,,,,,,,,,,,,,,,,,,,,,,,,,,,,,,,,,,,,,,,,,,,,,,,,,,,,,,,,,,,,,,,,,,
36,33,48,33,32,33,42,24,38,41,45,40,36,13,19,2,21,-1,22,13,0,17,60,67,58,62,58.0,66.0,80.0,75.0,86.0,81.0,78.0,78.0,94.0,94.0,180.0,107.0,149.0,163.0,240.0,212.0,216.0,212.0,178.0,168.0,254.0,231.0,410.0,294.0,330.0,350.0,602.0,283.0,493.0,535.0,525.0,489.0,519.0,532.0,,,,,,,,,,,,,,,,,,,,,,,,,,,,,,,,,,,,,,,,,,,,,,,,,,,,,,,,,,,,,,,,,,,,,,,,,,,,,,,,,,,,,,,,,,,,,,,,,,,,,,,,,,,,,,,,,,,,,,,,,,,,,,,,,,,,,,,,,,,,,,,,,,,,,,,,,,,,,,,,,,,,,,,,,,,,,,,,,
37,41,47,22,50,37,39,27,35,43,43,43,49,27,47,28,42,39,57,25,37,-29,0,-23,21,-38,-26.0,-13.0,37.0,34.0,94.0,116.0,121.0,103.0,138.0,36.0,113.0,28.0,44.0,66.0,178.0,113.0,143.0,145.0,165.0,112.0,236.0,205.0,185.0,151.0,559.0,220.0,437.0,245.0,412.0,285.0,289.0,279.0,701.0,679.0,785.0,691.0,,,,,,,,,,,,,,,,,,,,,,,,,,,,,,,,,,,,,,,,,,,,,,,,,,,,,,,,,,,,,,,,,,,,,,,,,,,,,,,,,,,,,,,,,,,,,,,,,,,,,,,,,,,,,,,,,,,,,,,,,,,,,,,,,,,,,,,,,,,,,,,,,,,,,,,,,,,,,,,,,,,,,,,,,,,,,,,
38,27,39,26,42,6,31,18,29,16,17,14,46,21,30,15,76,64,63,82,106,80,104,68,81,34,0.0,-46.0,0.0,-34.0,-15.0,-15.0,57.0,13.0,104.0,0.0,0.0,0.0,77.0,3.0,12.0,10.0,8.0,-7.0,0.0,-10.0,0.0,-10.0,0.0,-62.0,0.0,-6.0,12.0,13.0,61.0,46.0,52.0,34.0,46.0,23.0,31.0,0.0,0.0,0.0,0.0,0.0,0.0,0.0,80.0,54.0,51.0,55.0,132.0,0.0,0.0,0.0,87.0,112.0,231.0,243.0,1094.0,1144.0,,,,,,,,,,,,,,,,,,,,,,,,,,,,,,,,,,,,,,,,,,,,,,,,,,,,,,,,,,,,,,,,,,,,,,,,,,,,,,,,,,,,,,,,,,,,,,,,,,,,,,,,,,,,,,,,,,,,,,,,,,,,,,,,,,,,,,,,,,,,,,,,,,,,,,,,,,,
39,34,40,25,38,13,32,16,28,8,50,35,56,32,69,70,88,5,44,29,35,3,0,0,12,-526,-490.0,,,,,,,,,,,,,,,,,,,,,,,,,,,,,,,,,,,,,,,,,,,,,,,,,,,,,,,,,,,,,,,,,,,,,,,,,,,,,,,,,,,,,,,,,,,,,,,,,,,,,,,,,,,,,,,,,,,,,,,,,,,,,,,,,,,,,,,,,,,,,,,,,,,,,,,,,,,,,,,,,,,,,,,,,,,,,,,,,,,,,,,,,,,,,,,,,,,,,,,,,,,,,,,,,,
40,24,29,21,50,10,11,10,16,2,17,30,27,6,27,16,21,6,35,-17,5,-12,11,-4,7,-7,6.0,6.0,9.0,0.0,6.0,-25.0,11.0,-12.0,0.0,0.0,65.0,65.0,47.0,37.0,118.0,45.0,117.0,93.0,112.0,92.0,103.0,75.0,108.0,107.0,92.0,48.0,44.0,38.0,31.0,24.0,32.0,34.0,19.0,19.0,105.0,113.0,279.0,277.0,337.0,303.0,275.0,-524.0,-506.0,-567.0,-329.0,-356.0,-362.0,-413.0,-416.0,-545.0,-537.0,-566.0,-584.0,-592.0,-637.0,-684.0,-742.0,-788.0,-805.0,-805.0,-816.0,-830.0,-833.0,,,,,,,,,,,,,,,,,,,,,,,,,,,,,,,,,,,,,,,,,,,,,,,,,,,,,,,,,,,,,,,,,,,,,,,,,,,,,,,,,,,,,,,,,,,,,,,,,,,,,,,,,,,,,,,,,,,,,,,,,,,,,,,,,,,,,,,,,,,,,,,,,,,,
41,8,39,18,34,7,9,-1,40,40,60,25,46,38,80,53,63,53,57,55,63,49,70,54,67,49,72.0,44.0,46.0,15.0,40.0,37.0,36.0,23.0,61.0,8.0,33.0,19.0,29.0,13.0,22.0,20.0,19.0,0.0,28.0,-17.0,0.0,-43.0,-13.0,-37.0,-38.0,-40.0,15.0,6.0,17.0,20.0,17.0,21.0,74.0,-23.0,-5.0,0.0,0.0,-7.0,-1.0,0.0,0.0,0.0,0.0,0.0,0.0,0.0,0.0,0.0,0.0,0.0,0.0,0.0,0.0,0.0,0.0,0.0,0.0,0.0,0.0,0.0,0.0,0.0,0.0,0.0,0.0,0.0,0.0,0.0,0.0,0.0,0.0,0.0,0.0,0.0,0.0,0.0,0.0,0.0,0.0,0.0,6.0,0.0,0.0,0.0,0.0,8.0,8.0,8.0,7.0,6.0,3.0,0.0,0.0,0.0,0.0,0.0,0.0,0.0,0.0,0.0,0.0,0.0,0.0,0.0,0.0,0.0,0.0,0.0,,,,,,,,,,,,,,,,,,,,,,,,,,,,,,,,,,,,,,,,,,,,,,,,,,,,,,,,,,,,,,,,,,,,,,,,,,,,,,,,,,,,,,,,,,,,,,,,,,,,,,,
42,25,45,39,39,22,29,17,133,3,4,6,29,-5,1,-14,-13,-13,-11,-35,-10,-12,-19,-28,-4,-13,31.0,-39.0,-25.0,-4.0,2.0,-46.0,-27.0,-39.0,-28.0,-24.0,-21.0,-23.0,-23.0,-31.0,-28.0,-26.0,-26.0,-25.0,34.0,-22.0,14.0,-46.0,56.0,-49.0,-8.0,-32.0,-30.0,-24.0,-37.0,-13.0,97.0,0.0,0.0,-99.0,-94.0,-101.0,-65.0,-98.0,-65.0,-121.0,119.0,-90.0,-48.0,-54.0,-60.0,-62.0,-50.0,-12.0,-23.0,-4.0,468.0,0.0,0.0,0.0,14.0,0.0,0.0,0.0,0.0,0.0,0.0,0.0,0.0,0.0,0.0,0.0,0.0,0.0,0.0,-3.0,0.0,0.0,0.0,-2.0,22.0,0.0,249.0,109.0,15.0,12.0,113.0,200.0,768.0,451.0,385.0,356.0,782.0,396.0,396.0,387.0,387.0,376.0,408.0,353.0,429.0,353.0,389.0,409.0,779.0,0.0,841.0,785.0,781.0,785.0,785.0,798.0,913.0,738.0,744.0,732.0,856.0,795.0,797.0,797.0,798.0,798.0,,,,,,,,,,,,,,,,,,,,,,,,,,,,,,,,,,,,,,,,,,,,,,,,,,,,,,,,,,,,,,,,,,,,,,,,,,,,,,,,,,,,,,,,,,,,,,,
43,18,23,23,25,21,27,25,43,28,54,66,57,25,18,24,21,20,25,24,27,21,44,19,2,0,2.0,-4.0,14.0,10.0,25.0,-17.0,37.0,27.0,50.0,10.0,15.0,13.0,21.0,14.0,20.0,12.0,39.0,-12.0,25.0,-5.0,12.0,-16.0,-17.0,-44.0,-41.0,-54.0,-31.0,-18.0,0.0,0.0,0.0,0.0,0.0,0.0,13.0,0.0,-4.0,-93.0,-52.0,-160.0,-147.0,-244.0,-151.0,-290.0,-298.0,-375.0,-305.0,-382.0,-368.0,-382.0,-185.0,-248.0,-209.0,-191.0,-196.0,-288.0,-176.0,-215.0,-209.0,-547.0,-488.0,-664.0,-697.0,-693.0,-733.0,-796.0,-342.0,-394.0,-236.0,-450.0,-458.0,-500.0,-623.0,-623.0,-626.0,-637.0,-469.0,-626.0,-647.0,-647.0,-679.0,-752.0,-742.0,-748.0,-751.0,-752.0,-753.0,-753.0,-687.0,-753.0,-723.0,-739.0,-720.0,-747.0,-751.0,-756.0,-757.0,-758.0,-747.0,-758.0,-762.0,-771.0,-776.0,-780.0,,,,,,,,,,,,,,,,,,,,,,,,,,,,,,,,,,,,,,,,,,,,,,,,,,,,,,,,,,,,,,,,,,,,,,,,,,,,,,,,,,,,,,,,,,,,,,,,,,,,,,,,,,,
44,36,52,29,37,-3,17,0,24,13,26,27,34,18,27,23,36,23,28,31,36,33,39,15,46,23,76.0,58.0,75.0,46.0,48.0,41.0,121.0,40.0,136.0,77.0,105.0,86.0,78.0,108.0,116.0,84.0,128.0,52.0,70.0,9.0,0.0,1.0,26.0,23.0,92.0,101.0,238.0,225.0,217.0,20.0,285.0,220.0,180.0,-111.0,-105.0,-349.0,,,,,,,,,,,,,,,,,,,,,,,,,,,,,,,,,,,,,,,,,,,,,,,,,,,,,,,,,,,,,,,,,,,,,,,,,,,,,,,,,,,,,,,,,,,,,,,,,,,,,,,,,,,,,,,,,,,,,,,,,,,,,,,,,,,,,,,,,,,,,,,,,,,,,,,,,,,,,,,,,,,,,,,,,,,,,,,
45,31,43,9,22,26,48,22,37,0,13,7,17,22,9,7,6,-27,24,-18,-8,11,70,74,83,52,78.0,62.0,126.0,90.0,115.0,23.0,28.0,35.0,35.0,25.0,124.0,26.0,191.0,-57.0,-67.0,-121.0,40.0,71.0,65.0,-48.0,-22.0,-24.0,-35.0,-38.0,4.0,-25.0,-7.0,-39.0,0.0,-224.0,21.0,8.0,24.0,-119.0,-122.0,-173.0,-155.0,-128.0,-137.0,-202.0,-44.0,-140.0,0.0,0.0,191.0,-149.0,412.0,385.0,,,,,,,,,,,,,,,,,,,,,,,,,,,,,,,,,,,,,,,,,,,,,,,,,,,,,,,,,,,,,,,,,,,,,,,,,,,,,,,,,,,,,,,,,,,,,,,,,,,,,,,,,,,,,,,,,,,,,,,,,,,,,,,,,,,,,,,,,,,,,,,,,,,,,,,,,,,,,,,,,,,
46,37,40,-12,12,12,12,3,9,14,4,12,16,14,36,23,21,17,28,9,31,23,20,6,16,-15,36.0,25.0,76.0,55.0,64.0,33.0,57.0,50.0,53.0,70.0,112.0,45.0,166.0,130.0,152.0,143.0,156.0,0.0,63.0,-3.0,43.0,-11.0,-30.0,-47.0,-17.0,-68.0,0.0,0.0,21.0,-22.0,76.0,0.0,52.0,-9999.0,-10000.0,,,,,,,,,,,,,,,,,,,,,,,,,,,,,,,,,,,,,,,,,,,,,,,,,,,,,,,,,,,,,,,,,,,,,,,,,,,,,,,,,,,,,,,,,,,,,,,,,,,,,,,,,,,,,,,,,,,,,,,,,,,,,,,,,,,,,,,,,,,,,,,,,,,,,,,,,,,,,,,,,,,,,,,,,,,,,,,,
47,21,35,29,50,0,29,17,25,27,70,45,46,51,102,50,72,63,72,57,70,33,106,17,87,74,76.0,65.0,123.0,90.0,101.0,78.0,98.0,52.0,47.0,34.0,48.0,38.0,67.0,-11.0,5.0,0.0,3.0,-25.0,-10.0,-40.0,-6.0,-13.0,-5.0,-54.0,73.0,46.0,72.0,51.0,83.0,81.0,57.0,22.0,10.0,0.0,0.0,0.0,102.0,102.0,94.0,91.0,93.0,79.0,88.0,52.0,105.0,61.0,67.0,76.0,130.0,57.0,161.0,81.0,139.0,114.0,86.0,164.0,173.0,161.0,180.0,191.0,195.0,183.0,525.0,233.0,210.0,172.0,197.0,242.0,316.0,291.0,448.0,300.0,262.0,158.0,212.0,213.0,235.0,239.0,233.0,245.0,275.0,355.0,407.0,500.0,918.0,986.0,1033.0,980.0,1055.0,1277.0,1475.0,1067.0,1509.0,2561.0,2561.0,3485.0,,,,,,,,,,,,,,,,,,,,,,,,,,,,,,,,,,,,,,,,,,,,,,,,,,,,,,,,,,,,,,,,,,,,,,,,,,,,,,,,,,,,,,,,,,,,,,,,,,,,,,,,,,,,,,,,,,,
48,22,27,0,-3,-21,-4,-25,-7,-30,0,-8,-14,-28,-16,-30,-27,-45,-26,-40,-23,-37,40,-7,92,53,86.0,74.0,146.0,131.0,177.0,161.0,181.0,229.0,281.0,251.0,242.0,138.0,174.0,210.0,267.0,234.0,440.0,425.0,410.0,387.0,381.0,415.0,474.0,461.0,571.0,572.0,598.0,519.0,575.0,260.0,712.0,492.0,547.0,214.0,261.0,224.0,309.0,355.0,409.0,414.0,464.0,431.0,678.0,161.0,124.0,140.0,638.0,685.0,9996.0,9997.0,,,,,,,,,,,,,,,,,,,,,,,,,,,,,,,,,,,,,,,,,,,,,,,,,,,,,,,,,,,,,,,,,,,,,,,,,,,,,,,,,,,,,,,,,,,,,,,,,,,,,,,,,,,,,,,,,,,,,,,,,,,,,,,,,,,,,,,,,,,,,,,,,,,,,,,,,,,,,,,,,
49,27,34,28,43,37,47,24,44,31,40,36,49,14,28,2,53,6,28,37,39,44,38,25,72,70,98.0,71.0,104.0,97.0,231.0,208.0,240.0,237.0,237.0,186.0,240.0,229.0,264.0,72.0,87.0,65.0,81.0,65.0,100.0,-31.0,-45.0,-38.0,-32.0,0.0,150.0,113.0,287.0,202.0,468.0,390.0,455.0,540.0,9996.0,9997.0,9997.0,9998.0,9998.0,9999.0,,,,,,,,,,,,,,,,,,,,,,,,,,,,,,,,,,,,,,,,,,,,,,,,,,,,,,,,,,,,,,,,,,,,,,,,,,,,,,,,,,,,,,,,,,,,,,,,,,,,,,,,,,,,,,,,,,,,,,,,,,,,,,,,,,,,,,,,,,,,,,,,,,,,,,,,,,,,,,,,,,,,,,,,,,,,,
50,21,29,0,11,0,7,3,0,5,35,22,27,23,53,-8,0,18,16,25,17,0,24,-26,4,-12,14.0,0.0,0.0,4.0,11.0,0.0,14.0,-35.0,-34.0,-50.0,-26.0,-52.0,-46.0,-57.0,-35.0,-40.0,-37.0,-58.0,-5.0,-33.0,-25.0,-22.0,-21.0,-29.0,-6.0,-6.0,-8.0,0.0,17.0,7.0,5.0,-21.0,-25.0,-30.0,0.0,0.0,0.0,0.0,0.0,0.0,0.0,,,,,,,,,,,,,,,,,,,,,,,,,,,,,,,,,,,,,,,,,,,,,,,,,,,,,,,,,,,,,,,,,,,,,,,,,,,,,,,,,,,,,,,,,,,,,,,,,,,,,,,,,,,,,,,,,,,,,,,,,,,,,,,,,,,,,,,,,,,,,,,,,,,,,,,,,,,,,,,,,,,,,,,,,,
51,29,84,64,88,68,85,88,96,85,116,44,61,45,58,34,52,37,51,-45,-39,-38,-33,-37,-63,-43,-48.0,-58.0,-38.0,-94.0,0.0,0.0,-61.0,-74.0,-69.0,-123.0,-62.0,-68.0,-73.0,-66.0,-71.0,-88.0,-35.0,-135.0,0.0,-129.0,0.0,-87.0,-34.0,-165.0,-170.0,-306.0,0.0,0.0,5.0,1.0,0.0,0.0,9.0,0.0,100.0,109.0,151.0,84.0,137.0,147.0,144.0,132.0,128.0,107.0,128.0,111.0,152.0,47.0,29.0,54.0,34.0,30.0,36.0,43.0,28.0,37.0,28.0,22.0,46.0,20.0,22.0,10.0,6.0,4.0,13.0,14.0,9.0,17.0,0.0,0.0,13.0,1.0,0.0,0.0,0.0,0.0,0.0,0.0,0.0,0.0,0.0,0.0,0.0,0.0,0.0,0.0,0.0,0.0,0.0,0.0,0.0,0.0,0.0,0.0,0.0,0.0,0.0,0.0,0.0,0.0,0.0,0.0,0.0,0.0,0.0,0.0,0.0,0.0,0.0,,,,,,,,,,,,,,,,,,,,,,,,,,,,,,,,,,,,,,,,,,,,,,,,,,,,,,,,,,,,,,,,,,,,,,,,,,,,,,,,,,,,,,,,,,,,,,,,,,,,,,
52,24,27,26,31,16,32,25,60,29,50,47,46,12,15,9,41,18,42,39,62,35,50,37,48,35,31.0,-26.0,-22.0,-41.0,-42.0,-53.0,-57.0,-60.0,-57.0,-58.0,-23.0,-61.0,12.0,-105.0,-121.0,-179.0,-119.0,-173.0,-184.0,-202.0,-200.0,-226.0,-198.0,-180.0,-212.0,-210.0,-183.0,-190.0,-204.0,-210.0,-82.0,-127.0,-112.0,-135.0,-71.0,-200.0,-245.0,-223.0,-66.0,-167.0,-54.0,-27.0,-29.0,-60.0,24.0,-153.0,-79.0,-125.0,-131.0,-127.0,38.0,12.0,0.0,50.0,33.0,-109.0,0.0,0.0,0.0,0.0,0.0,0.0,0.0,0.0,0.0,0.0,0.0,0.0,,,,,,,,,,,,,,,,,,,,,,,,,,,,,,,,,,,,,,,,,,,,,,,,,,,,,,,,,,,,,,,,,,,,,,,,,,,,,,,,,,,,,,,,,,,,,,,,,,,,,,,,,,,,,,,,,,,,,,,,,,,,,,,,,,,,,,,,,,,,,,,
53,-20,8,-22,-14,-18,-21,-16,-12,6,10,0,28,32,66,62,50,-50,-49,-60,-33,-120,-87,-154,-155,-163,-73.0,-127.0,-91.0,-102.0,-101.0,-101.0,-85.0,-121.0,-108.0,-127.0,-114.0,-172.0,-175.0,-172.0,-38.0,-88.0,-68.0,-166.0,-77.0,-114.0,-119.0,-89.0,-80.0,-151.0,167.0,117.0,182.0,169.0,183.0,179.0,169.0,113.0,133.0,163.0,143.0,48.0,243.0,250.0,234.0,229.0,276.0,277.0,316.0,352.0,405.0,200.0,275.0,154.0,447.0,514.0,517.0,542.0,605.0,103.0,98.0,56.0,114.0,119.0,146.0,161.0,185.0,135.0,165.0,162.0,140.0,122.0,153.0,4.0,14.0,0.0,0.0,0.0,3.0,0.0,0.0,0.0,0.0,0.0,0.0,0.0,0.0,0.0,0.0,0.0,0.0,0.0,0.0,0.0,0.0,0.0,0.0,-350.0,0.0,-723.0,-722.0,-718.0,-713.0,-713.0,-712.0,,,,,,,,,,,,,,,,,,,,,,,,,,,,,,,,,,,,,,,,,,,,,,,,,,,,,,,,,,,,,,,,,,,,,,,,,,,,,,,,,,,,,,,,,,,,,,,,,,,,,,,,,,,,,,,,
54,17,16,27,39,7,16,18,23,22,37,28,49,45,51,43,66,13,23,31,22,4,29,-51,-52,16,70.0,74.0,69.0,62.0,96.0,77.0,104.0,30.0,42.0,34.0,116.0,127.0,130.0,67.0,98.0,50.0,87.0,91.0,60.0,39.0,43.0,18.0,19.0,15.0,12.0,19.0,15.0,0.0,0.0,0.0,0.0,0.0,0.0,0.0,0.0,-4.0,-5.0,-2.0,-3.0,0.0,0.0,-1.0,-11.0,-5.0,-6.0,-3.0,-1.0,-8.0,,,,,,,,,,,,,,,,,,,,,,,,,,,,,,,,,,,,,,,,,,,,,,,,,,,,,,,,,,,,,,,,,,,,,,,,,,,,,,,,,,,,,,,,,,,,,,,,,,,,,,,,,,,,,,,,,,,,,,,,,,,,,,,,,,,,,,,,,,,,,,,,,,,,,,,,,,,,,,,,,,,
55,26,58,47,35,49,54,13,12,-23,28,20,23,34,37,5,20,5,40,-6,0,-8,-8,-12,0,-13,0.0,0.0,0.0,-23.0,-7.0,-15.0,26.0,-156.0,-158.0,-260.0,-239.0,-287.0,-251.0,-270.0,-264.0,-462.0,-464.0,-456.0,-309.0,-306.0,-278.0,-267.0,-243.0,-259.0,-233.0,-263.0,-253.0,-292.0,-303.0,-331.0,-291.0,-332.0,-286.0,-346.0,-209.0,-319.0,-272.0,-301.0,-282.0,-299.0,-312.0,-516.0,-533.0,-675.0,-268.0,-319.0,-326.0,-340.0,-78.0,-186.0,-39.0,-62.0,-21.0,-11.0,-5.0,-10.0,-10.0,-375.0,-363.0,-324.0,-330.0,-366.0,-448.0,-418.0,-439.0,-426.0,-352.0,-396.0,-324.0,-480.0,-263.0,-707.0,-689.0,-835.0,-864.0,-930.0,-927.0,-1069.0,-1103.0,-1144.0,-1177.0,-1183.0,-1229.0,-1311.0,-1587.0,,,,,,,,,,,,,,,,,,,,,,,,,,,,,,,,,,,,,,,,,,,,,,,,,,,,,,,,,,,,,,,,,,,,,,,,,,,,,,,,,,,,,,,,,,,,,,,,,,,,,,,,,,,,,,,,,,,,,,,,,,,,,,
56,17,55,27,62,50,65,42,65,41,44,38,49,42,34,29,40,33,37,40,36,28,37,32,43,13,31.0,30.0,38.0,9.0,17.0,23.0,29.0,3.0,25.0,15.0,11.0,16.0,21.0,6.0,11.0,18.0,24.0,0.0,70.0,43.0,148.0,0.0,0.0,0.0,0.0,0.0,0.0,0.0,0.0,0.0,0.0,0.0,0.0,0.0,0.0,,,,,,,,,,,,,,,,,,,,,,,,,,,,,,,,,,,,,,,,,,,,,,,,,,,,,,,,,,,,,,,,,,,,,,,,,,,,,,,,,,,,,,,,,,,,,,,,,,,,,,,,,,,,,,,,,,,,,,,,,,,,,,,,,,,,,,,,,,,,,,,,,,,,,,,,,,,,,,,,,,,,,,,,,,,,,,,,
57,27,33,28,43,22,46,26,41,11,28,25,28,25,25,21,26,32,20,10,37,18,20,26,22,1,-5.0,0.0,11.0,23.0,48.0,13.0,6.0,24.0,112.0,82.0,78.0,190.0,273.0,168.0,226.0,127.0,225.0,169.0,294.0,229.0,151.0,154.0,188.0,154.0,189.0,186.0,203.0,134.0,171.0,163.0,203.0,191.0,276.0,294.0,283.0,263.0,357.0,292.0,302.0,325.0,275.0,337.0,423.0,344.0,357.0,356.0,378.0,421.0,,,,,,,,,,,,,,,,,,,,,,,,,,,,,,,,,,,,,,,,,,,,,,,,,,,,,,,,,,,,,,,,,,,,,,,,,,,,,,,,,,,,,,,,,,,,,,,,,,,,,,,,,,,,,,,,,,,,,,,,,,,,,,,,,,,,,,,,,,,,,,,,,,,,,,,,,,,,,,,,,,,
58,12,39,25,31,13,39,43,31,25,50,50,41,14,29,30,29,33,59,57,71,58,75,70,67,59,75.0,62.0,81.0,11.0,0.0,0.0,21.0,-7.0,19.0,-52.0,-20.0,-48.0,-31.0,-53.0,-50.0,-57.0,-70.0,-70.0,-74.0,-103.0,-95.0,-132.0,-30.0,5.0,0.0,0.0,49.0,40.0,70.0,83.0,178.0,176.0,216.0,197.0,175.0,174.0,193.0,164.0,223.0,224.0,212.0,224.0,269.0,224.0,212.0,222.0,280.0,257.0,276.0,96.0,203.0,225.0,149.0,75.0,299.0,158.0,115.0,106.0,376.0,104.0,475.0,216.0,467.0,433.0,543.0,582.0,585.0,588.0,590.0,582.0,651.0,655.0,824.0,877.0,875.0,973.0,985.0,1028.0,1033.0,1077.0,1086.0,1140.0,,,,,,,,,,,,,,,,,,,,,,,,,,,,,,,,,,,,,,,,,,,,,,,,,,,,,,,,,,,,,,,,,,,,,,,,,,,,,,,,,,,,,,,,,,,,,,,,,,,,,,,,,,,,,,,,,,,,,,,,,,,,,,,,,
59,22,40,6,11,8,27,12,18,11,22,16,14,8,24,23,0,-30,-16,-19,25,18,36,25,19,22,26.0,21.0,4.0,9.0,0.0,-18.0,18.0,3.0,0.0,-21.0,0.0,-25.0,70.0,66.0,140.0,131.0,408.0,37.0,81.0,18.0,17.0,7.0,7.0,2.0,57.0,0.0,0.0,8.0,0.0,-10.0,0.0,-13.0,294.0,0.0,391.0,0.0,0.0,0.0,0.0,0.0,0.0,0.0,0.0,0.0,0.0,0.0,0.0,0.0,0.0,0.0,0.0,0.0,0.0,-133.0,0.0,6.0,142.0,35.0,49.0,42.0,0.0,0.0,0.0,0.0,0.0,0.0,0.0,0.0,639.0,680.0,714.0,737.0,770.0,714.0,777.0,761.0,761.0,762.0,770.0,807.0,947.0,1012.0,1072.0,1172.0,,,,,,,,,,,,,,,,,,,,,,,,,,,,,,,,,,,,,,,,,,,,,,,,,,,,,,,,,,,,,,,,,,,,,,,,,,,,,,,,,,,,,,,,,,,,,,,,,,,,,,,,,,,,,,,,,,,,,,,,,,,,,,,
60,36,52,36,52,31,39,38,53,50,49,35,30,8,26,26,47,37,52,33,45,1,11,7,19,11,26.0,-7.0,-5.0,-30.0,-21.0,-44.0,-26.0,-40.0,-42.0,-20.0,-19.0,-32.0,-1.0,-12.0,-21.0,-5.0,0.0,-30.0,0.0,0.0,-3.0,-13.0,3.0,-13.0,-10.0,-6.0,-14.0,-15.0,-1.0,-21.0,-31.0,-30.0,,,,,,,,,,,,,,,,,,,,,,,,,,,,,,,,,,,,,,,,,,,,,,,,,,,,,,,,,,,,,,,,,,,,,,,,,,,,,,,,,,,,,,,,,,,,,,,,,,,,,,,,,,,,,,,,,,,,,,,,,,,,,,,,,,,,,,,,,,,,,,,,,,,,,,,,,,,,,,,,,,,,,,,,,,,,,,,,,,,
61,28,52,40,55,26,43,12,41,17,11,5,28,17,26,28,27,24,38,27,64,49,66,52,81,86,87.0,94.0,109.0,102.0,122.0,121.0,135.0,128.0,127.0,40.0,140.0,120.0,141.0,75.0,69.0,58.0,205.0,87.0,94.0,101.0,136.0,63.0,131.0,70.0,110.0,83.0,103.0,94.0,114.0,65.0,79.0,139.0,99.0,132.0,116.0,90.0,118.0,114.0,125.0,93.0,127.0,93.0,99.0,92.0,98.0,85.0,119.0,118.0,88.0,84.0,84.0,83.0,113.0,105.0,105.0,110.0,163.0,56.0,61.0,10.0,135.0,144.0,183.0,164.0,352.0,375.0,399.0,261.0,570.0,338.0,330.0,340.0,358.0,309.0,369.0,352.0,421.0,462.0,426.0,437.0,456.0,456.0,468.0,459.0,497.0,487.0,630.0,637.0,650.0,586.0,833.0,850.0,,,,,,,,,,,,,,,,,,,,,,,,,,,,,,,,,,,,,,,,,,,,,,,,,,,,,,,,,,,,,,,,,,,,,,,,,,,,,,,,,,,,,,,,,,,,,,,,,,,,,,,,,,,,,,,,,,,,,,,
62,11,24,6,17,28,49,38,35,35,60,37,48,7,25,20,28,-22,76,-52,0,-7,-10,-9,-5,-7,0.0,0.0,0.0,0.0,-36.0,-143.0,-161.0,-119.0,-109.0,-234.0,-84.0,-217.0,-182.0,-201.0,-188.0,-206.0,-160.0,-303.0,-281.0,-309.0,-312.0,-327.0,-309.0,-344.0,-380.0,-475.0,-455.0,-419.0,-515.0,-546.0,-615.0,-672.0,-429.0,-399.0,-596.0,-553.0,-575.0,-620.0,-644.0,-648.0,-625.0,-723.0,-728.0,,,,,,,,,,,,,,,,,,,,,,,,,,,,,,,,,,,,,,,,,,,,,,,,,,,,,,,,,,,,,,,,,,,,,,,,,,,,,,,,,,,,,,,,,,,,,,,,,,,,,,,,,,,,,,,,,,,,,,,,,,,,,,,,,,,,,,,,,,,,,,,,,,,,,,,,,,,,,,,,,,,,,,,,
63,30,45,31,67,27,44,30,28,5,4,7,31,14,26,2,14,-5,12,-6,2,-17,4,-50,-32,-31,-32.0,-27.0,-24.0,-38.0,-36.0,-45.0,-25.0,-26.0,-35.0,-39.0,-30.0,-101.0,-60.0,-103.0,-98.0,-107.0,-111.0,-101.0,-115.0,-140.0,-94.0,-118.0,-127.0,-124.0,-141.0,-172.0,-115.0,-112.0,-79.0,-75.0,-62.0,-168.0,-67.0,-134.0,-44.0,-21.0,0.0,4.0,0.0,0.0,8.0,3.0,100.0,100.0,135.0,136.0,206.0,97.0,117.0,89.0,104.0,50.0,86.0,41.0,133.0,144.0,136.0,151.0,156.0,168.0,167.0,129.0,218.0,237.0,211.0,216.0,248.0,268.0,355.0,318.0,420.0,412.0,380.0,387.0,494.0,484.0,495.0,439.0,578.0,592.0,,,,,,,,,,,,,,,,,,,,,,,,,,,,,,,,,,,,,,,,,,,,,,,,,,,,,,,,,,,,,,,,,,,,,,,,,,,,,,,,,,,,,,,,,,,,,,,,,,,,,,,,,,,,,,,,,,,,,,,,,,,,,,,,,,,
64,-5,6,-3,0,-17,-3,-28,-2,-33,-33,-29,-1,-12,15,-45,-24,-35,-28,-24,-13,-57,-13,-26,10,-42,0.0,-74.0,31.0,10.0,18.0,26.0,16.0,16.0,28.0,21.0,60.0,38.0,33.0,-39.0,63.0,14.0,29.0,25.0,35.0,9.0,14.0,-64.0,-59.0,-75.0,-25.0,-80.0,-35.0,-31.0,-43.0,-67.0,-15.0,-64.0,96.0,40.0,106.0,79.0,132.0,134.0,102.0,95.0,297.0,193.0,269.0,259.0,287.0,42.0,378.0,358.0,345.0,380.0,645.0,619.0,626.0,661.0,726.0,724.0,763.0,750.0,736.0,748.0,746.0,719.0,735.0,675.0,719.0,715.0,,,,,,,,,,,,,,,,,,,,,,,,,,,,,,,,,,,,,,,,,,,,,,,,,,,,,,,,,,,,,,,,,,,,,,,,,,,,,,,,,,,,,,,,,,,,,,,,,,,,,,,,,,,,,,,,,,,,,,,,,,,,,,,,,,,,,,,,,,,,,,,,,
65,31,38,34,56,46,31,16,50,12,6,-14,15,0,-2,-29,7,-6,4,-21,0,1,-7,-7,15,0,21.0,0.0,11.0,17.0,0.0,-30.0,-19.0,-32.0,-29.0,-74.0,-3.0,-30.0,-8.0,-78.0,-80.0,-90.0,-75.0,-72.0,0.0,-64.0,0.0,0.0,0.0,18.0,109.0,100.0,73.0,0.0,0.0,0.0,0.0,0.0,0.0,0.0,0.0,0.0,0.0,0.0,0.0,0.0,,,,,,,,,,,,,,,,,,,,,,,,,,,,,,,,,,,,,,,,,,,,,,,,,,,,,,,,,,,,,,,,,,,,,,,,,,,,,,,,,,,,,,,,,,,,,,,,,,,,,,,,,,,,,,,,,,,,,,,,,,,,,,,,,,,,,,,,,,,,,,,,,,,,,,,,,,,,,,,,,,,,,,,,,,,
66,30,52,33,47,12,17,20,22,6,42,27,21,29,71,7,70,64,78,78,81,75,92,64,89,53,111.0,81.0,117.0,95.0,108.0,39.0,64.0,49.0,66.0,20.0,100.0,14.0,100.0,88.0,115.0,73.0,120.0,-35.0,148.0,132.0,139.0,42.0,147.0,-34.0,160.0,110.0,196.0,176.0,208.0,205.0,227.0,257.0,228.0,209.0,339.0,350.0,343.0,48.0,48.0,31.0,59.0,38.0,30.0,25.0,26.0,12.0,310.0,256.0,377.0,239.0,346.0,423.0,503.0,106.0,97.0,0.0,175.0,108.0,292.0,272.0,211.0,287.0,310.0,271.0,469.0,592.0,624.0,676.0,686.0,485.0,485.0,507.0,552.0,99.0,97.0,63.0,65.0,56.0,35.0,27.0,58.0,41.0,43.0,32.0,2607.0,,,,,,,,,,,,,,,,,,,,,,,,,,,,,,,,,,,,,,,,,,,,,,,,,,,,,,,,,,,,,,,,,,,,,,,,,,,,,,,,,,,,,,,,,,,,,,,,,,,,,,,,,,,,,,,,,,,,,,,,,,,,,,
67,21,30,27,31,32,58,62,70,46,53,46,110,61,71,53,64,20,30,37,75,65,76,45,70,58,86.0,45.0,72.0,37.0,54.0,9.0,17.0,27.0,24.0,2.0,97.0,58.0,67.0,-42.0,51.0,64.0,62.0,-24.0,-34.0,-59.0,-34.0,-25.0,-18.0,-68.0,-147.0,-223.0,-206.0,-604.0,-381.0,-394.0,-477.0,-528.0,-279.0,,,,,,,,,,,,,,,,,,,,,,,,,,,,,,,,,,,,,,,,,,,,,,,,,,,,,,,,,,,,,,,,,,,,,,,,,,,,,,,,,,,,,,,,,,,,,,,,,,,,,,,,,,,,,,,,,,,,,,,,,,,,,,,,,,,,,,,,,,,,,,,,,,,,,,,,,,,,,,,,,,,,,,,,,,,,,,,,,,
68,28,48,16,31,14,2,-25,-3,-20,-10,-28,-38,-57,-51,-55,-47,-58,-37,-42,-30,-79,34,-61,46,61,61.0,-37.0,-17.0,-136.0,-138.0,-129.0,33.0,-14.0,-12.0,-30.0,13.0,0.0,0.0,0.0,0.0,0.0,0.0,22.0,15.0,19.0,25.0,20.0,114.0,102.0,100.0,57.0,55.0,58.0,80.0,50.0,87.0,48.0,441.0,462.0,527.0,525.0,551.0,278.0,342.0,350.0,323.0,346.0,328.0,2.0,0.0,0.0,2.0,2.0,11.0,0.0,0.0,0.0,0.0,0.0,56.0,0.0,0.0,0.0,0.0,-25.0,0.0,3.0,4.0,12.0,52.0,35.0,15.0,3.0,5.0,0.0,,,,,,,,,,,,,,,,,,,,,,,,,,,,,,,,,,,,,,,,,,,,,,,,,,,,,,,,,,,,,,,,,,,,,,,,,,,,,,,,,,,,,,,,,,,,,,,,,,,,,,,,,,,,,,,,,,,,,,,,,,,,,,,,,,,,,,,,,,,,,
69,23,25,20,46,37,45,21,23,-6,16,14,25,0,10,9,45,31,42,40,65,78,143,57,200,192,183.0,180.0,190.0,182.0,236.0,326.0,311.0,272.0,306.0,150.0,214.0,197.0,201.0,191.0,232.0,335.0,311.0,334.0,328.0,302.0,398.0,403.0,364.0,313.0,352.0,339.0,484.0,487.0,464.0,480.0,493.0,487.0,544.0,486.0,488.0,474.0,471.0,558.0,566.0,500.0,483.0,475.0,423.0,485.0,508.0,536.0,593.0,605.0,619.0,668.0,668.0,655.0,688.0,672.0,671.0,686.0,704.0,732.0,763.0,756.0,789.0,812.0,1262.0,1475.0,,,,,,,,,,,,,,,,,,,,,,,,,,,,,,,,,,,,,,,,,,,,,,,,,,,,,,,,,,,,,,,,,,,,,,,,,,,,,,,,,,,,,,,,,,,,,,,,,,,,,,,,,,,,,,,,,,,,,,,,,,,,,,,,,,,,,,,,,,,,,,,,,,,
70,22,33,13,15,13,21,8,19,16,30,-16,28,26,32,14,42,37,26,8,16,17,34,21,35,-11,2.0,-10.0,13.0,22.0,34.0,-2.0,0.0,-24.0,-51.0,-109.0,-37.0,-79.0,-61.0,-22.0,5.0,-1.0,49.0,35.0,44.0,0.0,24.0,0.0,0.0,0.0,0.0,0.0,0.0,0.0,0.0,-197.0,200.0,137.0,226.0,207.0,281.0,93.0,112.0,57.0,92.0,100.0,203.0,117.0,155.0,21.0,20.0,-44.0,0.0,0.0,0.0,-56.0,-125.0,-79.0,-75.0,-120.0,-122.0,-329.0,-420.0,-509.0,0.0,2.0,12.0,0.0,109.0,0.0,21.0,0.0,0.0,0.0,0.0,0.0,0.0,0.0,0.0,-352.0,0.0,0.0,31.0,0.0,208.0,224.0,340.0,164.0,419.0,443.0,449.0,112.0,93.0,94.0,193.0,189.0,193.0,206.0,211.0,214.0,208.0,229.0,205.0,224.0,231.0,241.0,221.0,62.0,67.0,69.0,90.0,84.0,124.0,81.0,86.0,75.0,137.0,220.0,207.0,208.0,217.0,9.0,31.0,14.0,342.0,259.0,806.0,346.0,359.0,361.0,385.0,412.0,883.0,317.0,329.0,69.0,59.0,43.0,40.0,30.0,26.0,26.0,48.0,72.0,78.0,0.0,0.0,0.0,19.0,27.0,15.0,16.0,751.0,844.0,,,,,,,,,,,,,,,,,,,,,,,,,,,,,,,,,,,,,,,,,,,,,,,,,,,,,,,,,,,,,,,
71,14,47,60,47,23,28,29,30,35,45,33,44,40,44,25,45,4,37,27,55,40,68,67,77,0,39.0,47.0,342.0,332.0,478.0,456.0,480.0,0.0,0.0,-40.0,-11.0,-71.0,26.0,18.0,0.0,0.0,-14.0,-14.0,-9.0,0.0,0.0,0.0,0.0,-18.0,9997.0,9998.0,,,,,,,,,,,,,,,,,,,,,,,,,,,,,,,,,,,,,,,,,,,,,,,,,,,,,,,,,,,,,,,,,,,,,,,,,,,,,,,,,,,,,,,,,,,,,,,,,,,,,,,,,,,,,,,,,,,,,,,,,,,,,,,,,,,,,,,,,,,,,,,,,,,,,,,,,,,,,,,,,,,,,,,,,,,,,,,,,,,,,,,,,
72,38,49,28,43,21,26,27,33,0,0,0,0,-4,19,-7,10,-7,7,-10,0,-18,-17,-18,28,0,63.0,54.0,62.0,49.0,75.0,-68.0,-58.0,-210.0,-152.0,-218.0,-140.0,-302.0,-286.0,-296.0,-246.0,-256.0,-238.0,-421.0,-376.0,-419.0,-419.0,-443.0,-243.0,-305.0,-359.0,-388.0,-495.0,-538.0,-547.0,-689.0,-665.0,-742.0,-728.0,-817.0,-784.0,-809.0,-819.0,-798.0,-755.0,-875.0,-863.0,-987.0,-978.0,,,,,,,,,,,,,,,,,,,,,,,,,,,,,,,,,,,,,,,,,,,,,,,,,,,,,,,,,,,,,,,,,,,,,,,,,,,,,,,,,,,,,,,,,,,,,,,,,,,,,,,,,,,,,,,,,,,,,,,,,,,,,,,,,,,,,,,,,,,,,,,,,,,,,,,,,,,,,,,,,,,,,,,,
73,24,53,55,52,48,45,7,18,1,25,-6,36,10,81,29,64,24,37,4,18,1,3,1,38,0,0.0,-1.0,0.0,0.0,0.0,0.0,0.0,0.0,,,,,,,,,,,,,,,,,,,,,,,,,,,,,,,,,,,,,,,,,,,,,,,,,,,,,,,,,,,,,,,,,,,,,,,,,,,,,,,,,,,,,,,,,,,,,,,,,,,,,,,,,,,,,,,,,,,,,,,,,,,,,,,,,,,,,,,,,,,,,,,,,,,,,,,,,,,,,,,,,,,,,,,,,,,,,,,,,,,,,,,,,,,,,,,,,,,,,,,,,,,
74,29,33,42,38,8,24,17,31,28,38,29,41,25,28,14,29,22,20,26,34,26,23,23,49,36,35.0,37.0,35.0,22.0,40.0,41.0,68.0,27.0,40.0,14.0,44.0,15.0,58.0,57.0,72.0,75.0,74.0,-82.0,-84.0,-101.0,-106.0,-105.0,6.0,29.0,45.0,32.0,25.0,-80.0,-87.0,-105.0,62.0,0.0,0.0,0.0,38.0,8.0,90.0,67.0,146.0,111.0,136.0,0.0,0.0,28.0,,,,,,,,,,,,,,,,,,,,,,,,,,,,,,,,,,,,,,,,,,,,,,,,,,,,,,,,,,,,,,,,,,,,,,,,,,,,,,,,,,,,,,,,,,,,,,,,,,,,,,,,,,,,,,,,,,,,,,,,,,,,,,,,,,,,,,,,,,,,,,,,,,,,,,,,,,,,,,,,,,,,,,,
75,3,48,7,39,9,34,6,34,18,14,11,10,2,24,8,28,5,26,10,27,0,20,8,35,6,49.0,15.0,31.0,0.0,81.0,31.0,41.0,29.0,51.0,4.0,9.0,-1.0,14.0,-11.0,23.0,-3.0,12.0,11.0,38.0,2.0,31.0,6.0,27.0,6.0,51.0,1.0,62.0,55.0,51.0,52.0,126.0,52.0,127.0,53.0,123.0,97.0,137.0,61.0,73.0,43.0,67.0,121.0,144.0,95.0,124.0,63.0,63.0,138.0,114.0,147.0,159.0,31.0,19.0,17.0,12.0,6.0,0.0,0.0,0.0,0.0,0.0,0.0,0.0,0.0,0.0,0.0,0.0,5.0,8.0,10.0,10.0,4.0,0.0,0.0,0.0,0.0,0.0,8.0,6.0,2.0,0.0,0.0,0.0,10.0,10.0,13.0,16.0,7.0,12.0,0.0,5.0,0.0,0.0,0.0,0.0,0.0,0.0,0.0,0.0,0.0,,,,,,,,,,,,,,,,,,,,,,,,,,,,,,,,,,,,,,,,,,,,,,,,,,,,,,,,,,,,,,,,,,,,,,,,,,,,,,,,,,,,,,,,,,,,,,,,,,,,,,,,,,,,,,,
76,20,42,41,35,42,65,54,59,54,71,54,53,43,55,40,68,37,47,64,81,79,75,68,92,42,42.0,39.0,85.0,39.0,50.0,17.0,44.0,-32.0,8.0,-45.0,6.0,-24.0,0.0,0.0,0.0,-39.0,-37.0,-35.0,53.0,68.0,63.0,63.0,49.0,76.0,126.0,77.0,113.0,101.0,115.0,102.0,105.0,59.0,74.0,75.0,81.0,54.0,40.0,0.0,0.0,0.0,87.0,0.0,78.0,73.0,85.0,-10.0,0.0,0.0,0.0,0.0,0.0,0.0,0.0,0.0,0.0,0.0,0.0,0.0,0.0,0.0,0.0,0.0,0.0,0.0,0.0,0.0,0.0,0.0,0.0,0.0,0.0,0.0,0.0,0.0,0.0,,,,,,,,,,,,,,,,,,,,,,,,,,,,,,,,,,,,,,,,,,,,,,,,,,,,,,,,,,,,,,,,,,,,,,,,,,,,,,,,,,,,,,,,,,,,,,,,,,,,,,,,,,,,,,,,,,,,,,,,,,,,,,,,,,,,,,,,
77,19,47,17,39,19,19,-8,12,9,8,0,21,22,59,48,52,-13,112,89,115,107,103,111,134,91,116.0,65.0,54.0,73.0,156.0,119.0,172.0,150.0,154.0,157.0,173.0,162.0,180.0,95.0,87.0,75.0,220.0,105.0,99.0,96.0,140.0,37.0,0.0,0.0,0.0,0.0,0.0,0.0,0.0,0.0,0.0,0.0,0.0,0.0,0.0,-87.0,0.0,-40.0,-18.0,-12.0,0.0,0.0,0.0,0.0,0.0,0.0,0.0,0.0,0.0,0.0,,,,,,,,,,,,,,,,,,,,,,,,,,,,,,,,,,,,,,,,,,,,,,,,,,,,,,,,,,,,,,,,,,,,,,,,,,,,,,,,,,,,,,,,,,,,,,,,,,,,,,,,,,,,,,,,,,,,,,,,,,,,,,,,,,,,,,,,,,,,,,,,,,,,,,,,,,,,,,,,,
78,24,48,17,26,20,55,22,29,24,56,38,53,50,59,50,50,42,50,44,57,43,45,0,54,62,108.0,64.0,56.0,46.0,64.0,-73.0,-8.0,-5.0,-8.0,-22.0,0.0,-85.0,-20.0,-49.0,-31.0,-30.0,0.0,-11.0,0.0,-6.0,0.0,-49.0,-42.0,-106.0,-81.0,-179.0,-159.0,-253.0,-160.0,-288.0,-200.0,-261.0,-240.0,-241.0,-235.0,-374.0,-145.0,-191.0,-82.0,-94.0,-45.0,-138.0,0.0,0.0,0.0,0.0,0.0,0.0,-46.0,-75.0,-62.0,-64.0,-61.0,-73.0,-64.0,-126.0,31.0,11.0,0.0,-2.0,12.0,2.0,1.0,0.0,115.0,-269.0,2.0,-293.0,0.0,-53.0,0.0,-29.0,0.0,0.0,96.0,67.0,50.0,43.0,79.0,54.0,70.0,70.0,154.0,142.0,137.0,125.0,151.0,204.0,184.0,178.0,215.0,92.0,354.0,317.0,301.0,293.0,351.0,337.0,408.0,409.0,460.0,330.0,338.0,285.0,329.0,276.0,274.0,295.0,343.0,346.0,363.0,284.0,375.0,307.0,294.0,304.0,309.0,253.0,362.0,350.0,414.0,440.0,387.0,486.0,481.0,496.0,556.0,511.0,515.0,559.0,569.0,579.0,630.0,634.0,730.0,763.0,790.0,758.0,799.0,906.0,914.0,976.0,1035.0,1075.0,9993.0,1279.0,1525.0,1805.0,,,,,,,,,,,,,,,,,,,,,,,,,,,,,,,,,,,,,,,,,,,,,,,,,,,,,,,,,,,,,,,
79,21,66,13,47,40,41,35,45,0,-1,0,8,-25,1,-11,9,11,25,28,9,14,12,26,15,1,6.0,0.0,51.0,27.0,56.0,37.0,62.0,46.0,48.0,46.0,44.0,50.0,,,,,,,,,,,,,,,,,,,,,,,,,,,,,,,,,,,,,,,,,,,,,,,,,,,,,,,,,,,,,,,,,,,,,,,,,,,,,,,,,,,,,,,,,,,,,,,,,,,,,,,,,,,,,,,,,,,,,,,,,,,,,,,,,,,,,,,,,,,,,,,,,,,,,,,,,,,,,,,,,,,,,,,,,,,,,,,,,,,,,,,,,,,,,,,,,,,,,,,
80,30,46,27,29,23,22,-46,0,-15,0,0,0,-95,-40,-81,-68,-75,-58,-40,-33,-37,-19,-59,1,-4,10.0,-47.0,,,,,,,,,,,,,,,,,,,,,,,,,,,,,,,,,,,,,,,,,,,,,,,,,,,,,,,,,,,,,,,,,,,,,,,,,,,,,,,,,,,,,,,,,,,,,,,,,,,,,,,,,,,,,,,,,,,,,,,,,,,,,,,,,,,,,,,,,,,,,,,,,,,,,,,,,,,,,,,,,,,,,,,,,,,,,,,,,,,,,,,,,,,,,,,,,,,,,,,,,,,,,,,,,
81,25,36,22,43,46,30,36,40,30,39,47,41,35,30,24,34,30,87,75,84,62,84,73,77,59,76.0,89.0,76.0,68.0,85.0,68.0,39.0,0.0,98.0,75.0,8.0,80.0,86.0,103.0,16.0,35.0,52.0,16.0,0.0,0.0,9.0,20.0,63.0,88.0,89.0,52.0,116.0,101.0,35.0,16.0,11.0,14.0,14.0,4.0,26.0,35.0,105.0,102.0,159.0,108.0,102.0,92.0,82.0,100.0,109.0,0.0,0.0,11.0,0.0,0.0,39.0,103.0,129.0,150.0,251.0,-412.0,222.0,255.0,358.0,372.0,421.0,395.0,434.0,462.0,485.0,429.0,798.0,800.0,896.0,1031.0,1088.0,1091.0,1172.0,1301.0,,,,,,,,,,,,,,,,,,,,,,,,,,,,,,,,,,,,,,,,,,,,,,,,,,,,,,,,,,,,,,,,,,,,,,,,,,,,,,,,,,,,,,,,,,,,,,,,,,,,,,,,,,,,,,,,,,,,,,,,,,,,,,,,,,,,,,,,,
82,41,51,31,42,42,51,49,76,77,71,74,89,59,84,64,100,49,68,46,47,49,108,104,118,112,141.0,166.0,239.0,109.0,136.0,115.0,246.0,175.0,213.0,193.0,213.0,222.0,220.0,80.0,87.0,63.0,70.0,52.0,69.0,0.0,54.0,9.0,28.0,0.0,0.0,0.0,61.0,-202.0,-217.0,-528.0,-590.0,-683.0,-672.0,-605.0,-649.0,-686.0,-675.0,-668.0,-507.0,-564.0,-575.0,-608.0,-650.0,-678.0,-727.0,-874.0,-982.0,-951.0,-1057.0,-1067.0,-1125.0,-1159.0,-1174.0,-1225.0,-1252.0,-1257.0,-1280.0,,,,,,,,,,,,,,,,,,,,,,,,,,,,,,,,,,,,,,,,,,,,,,,,,,,,,,,,,,,,,,,,,,,,,,,,,,,,,,,,,,,,,,,,,,,,,,,,,,,,,,,,,,,,,,,,,,,,,,,,,,,,,,,,,,,,,,,,,,,,,,,,,,,,,,,,,,
83,26,36,33,60,18,32,17,24,17,5,8,11,15,37,21,28,18,18,15,16,19,41,-10,0,-13,-13.0,-20.0,-12.0,0.0,-30.0,-21.0,-20.0,-27.0,-10.0,-22.0,-18.0,-21.0,-20.0,-28.0,-18.0,-46.0,0.0,-25.0,-15.0,-22.0,-8.0,-36.0,-30.0,-44.0,-18.0,-39.0,0.0,-62.0,-49.0,-48.0,-35.0,-30.0,-25.0,-37.0,-39.0,-29.0,-28.0,-181.0,-134.0,-126.0,-143.0,-174.0,-20.0,-73.0,-8.0,-12.0,-8.0,-7.0,-14.0,-29.0,-19.0,-13.0,-11.0,-8.0,-8.0,-16.0,-8.0,-17.0,-4.0,-4.0,0.0,0.0,0.0,-37.0,-43.0,-40.0,-40.0,-43.0,-43.0,-38.0,-28.0,-29.0,-25.0,-29.0,-21.0,-22.0,-20.0,-22.0,-12.0,-5.0,-12.0,-7.0,-10.0,-8.0,-5.0,-5.0,0.0,0.0,0.0,0.0,0.0,0.0,0.0,-7.0,-6.0,-20.0,-2.0,-18.0,-13.0,-11.0,-17.0,-521.0,-482.0,-512.0,-633.0,-632.0,-628.0,-662.0,-662.0,-662.0,-664.0,-664.0,-661.0,-644.0,-663.0,-740.0,-758.0,-799.0,-805.0,-805.0,-805.0,-809.0,-825.0,-830.0,-852.0,-860.0,-869.0,-878.0,-873.0,-863.0,-912.0,-972.0,-766.0,-873.0,-875.0,-1005.0,-1277.0,-1296.0,-1057.0,-1054.0,-1129.0,-1285.0,-1140.0,-1276.0,-1288.0,-1295.0,-1362.0,-1326.0,-1335.0,-1374.0,-1321.0,-1343.0,-1384.0,-1386.0,-1435.0,-1375.0,-1437.0,-1437.0,-1437.0,-1420.0,-1456.0,-1459.0,-1428.0,-2298.0,-1475.0,-1307.0,-1600.0,,,,,,,,,,,,,,,,,,,,,,,,,,,,,,,,,,,,,,,,,,,,
84,37,62,42,62,14,33,28,38,35,36,27,35,31,40,26,43,21,40,28,44,0,63,43,52,56,77.0,52.0,81.0,44.0,75.0,62.0,74.0,31.0,80.0,24.0,45.0,1.0,0.0,-69.0,88.0,63.0,55.0,-6.0,-13.0,-32.0,-4.0,-8.0,-9.0,0.0,-1.0,-8.0,3.0,0.0,13.0,-17.0,50.0,27.0,134.0,74.0,59.0,60.0,131.0,36.0,111.0,109.0,107.0,105.0,102.0,108.0,86.0,14.0,11.0,-52.0,-70.0,-76.0,-63.0,-227.0,-308.0,-365.0,-241.0,-658.0,-700.0,-814.0,-688.0,-765.0,-789.0,-900.0,-902.0,-966.0,-1017.0,-1582.0,-2147.0,,,,,,,,,,,,,,,,,,,,,,,,,,,,,,,,,,,,,,,,,,,,,,,,,,,,,,,,,,,,,,,,,,,,,,,,,,,,,,,,,,,,,,,,,,,,,,,,,,,,,,,,,,,,,,,,,,,,,,,,,,,,,,,,,,,,,,,,,,,,,,,,
85,35,66,37,49,35,44,19,19,19,39,16,23,29,41,33,25,15,19,17,32,9,36,35,66,0,43.0,3.0,50.0,40.0,51.0,15.0,40.0,42.0,36.0,33.0,31.0,34.0,50.0,42.0,57.0,63.0,64.0,52.0,49.0,10.0,66.0,5.0,37.0,0.0,14.0,0.0,0.0,0.0,0.0,0.0,98.0,112.0,174.0,166.0,193.0,157.0,195.0,191.0,182.0,180.0,177.0,134.0,125.0,152.0,140.0,135.0,155.0,133.0,152.0,111.0,110.0,57.0,93.0,71.0,114.0,94.0,113.0,67.0,130.0,88.0,86.0,63.0,92.0,52.0,89.0,108.0,95.0,81.0,100.0,84.0,92.0,71.0,64.0,70.0,71.0,62.0,89.0,34.0,82.0,73.0,36.0,26.0,29.0,57.0,61.0,59.0,70.0,89.0,92.0,24.0,25.0,0.0,0.0,0.0,0.0,0.0,0.0,0.0,0.0,0.0,0.0,0.0,7.0,0.0,0.0,0.0,0.0,0.0,,,,,,,,,,,,,,,,,,,,,,,,,,,,,,,,,,,,,,,,,,,,,,,,,,,,,,,,,,,,,,,,,,,,,,,,,,,,,,,,,,,,,,,,,,,,,,,,,,,,,,,
86,32,48,35,38,-24,-13,-21,7,-7,-5,-12,0,-4,0,-1,1,-3,-6,-12,-4,0,12,-28,-21,-14,-20.0,-52.0,-43.0,-61.0,-51.0,-85.0,-83.0,-155.0,-75.0,-77.0,-77.0,-138.0,-113.0,-125.0,-125.0,-105.0,-38.0,-61.0,-36.0,-112.0,-53.0,-117.0,-119.0,-121.0,-122.0,-133.0,-73.0,-108.0,-83.0,-103.0,-37.0,-92.0,-106.0,-216.0,-64.0,-85.0,-39.0,-24.0,0.0,-59.0,-55.0,-54.0,-24.0,-5.0,-5.0,-29.0,-34.0,-46.0,0.0,-70.0,-65.0,-55.0,69.0,0.0,0.0,0.0,15.0,15.0,12.0,2.0,0.0,0.0,0.0,0.0,35.0,0.0,0.0,0.0,0.0,0.0,0.0,0.0,,,,,,,,,,,,,,,,,,,,,,,,,,,,,,,,,,,,,,,,,,,,,,,,,,,,,,,,,,,,,,,,,,,,,,,,,,,,,,,,,,,,,,,,,,,,,,,,,,,,,,,,,,,,,,,,,,,,,,,,,,,,,,,,,,,,,,,,,,,
87,25,42,20,34,19,30,33,34,40,40,42,50,40,21,13,57,28,28,15,43,21,49,26,67,36,105.0,93.0,87.0,112.0,107.0,98.0,159.0,141.0,177.0,185.0,185.0,98.0,224.0,184.0,241.0,108.0,202.0,175.0,188.0,135.0,140.0,92.0,396.0,445.0,572.0,545.0,528.0,557.0,648.0,746.0,786.0,791.0,775.0,792.0,803.0,787.0,809.0,53.0,148.0,247.0,275.0,169.0,420.0,0.0,116.0,-8.0,,,,,,,,,,,,,,,,,,,,,,,,,,,,,,,,,,,,,,,,,,,,,,,,,,,,,,,,,,,,,,,,,,,,,,,,,,,,,,,,,,,,,,,,,,,,,,,,,,,,,,,,,,,,,,,,,,,,,,,,,,,,,,,,,,,,,,,,,,,,,,,,,,,,,,,,,,,,,,,,,,,,,
88,24,60,27,34,30,35,32,32,25,37,24,29,51,45,49,81,52,69,50,65,51,45,21,79,58,51.0,42.0,82.0,53.0,141.0,153.0,191.0,106.0,69.0,18.0,33.0,-58.0,-74.0,-66.0,-28.0,-135.0,-14.0,-12.0,0.0,-5.0,6.0,-21.0,-8.0,-32.0,-34.0,-28.0,-27.0,-133.0,-125.0,-182.0,-184.0,-271.0,-256.0,-295.0,-281.0,-242.0,-252.0,-239.0,-260.0,-331.0,-150.0,-207.0,-166.0,-187.0,-107.0,-176.0,-108.0,-185.0,-108.0,-194.0,-185.0,-211.0,-196.0,-185.0,-176.0,-198.0,-208.0,-206.0,-202.0,-164.0,-194.0,-300.0,-151.0,-155.0,-143.0,-208.0,-32.0,-45.0,-11.0,-2.0,0.0,1.0,0.0,0.0,0.0,0.0,0.0,0.0,0.0,0.0,0.0,0.0,0.0,0.0,0.0,0.0,0.0,0.0,188.0,126.0,188.0,130.0,179.0,116.0,107.0,85.0,744.0,750.0,757.0,758.0,758.0,758.0,759.0,760.0,760.0,760.0,759.0,753.0,753.0,759.0,,,,,,,,,,,,,,,,,,,,,,,,,,,,,,,,,,,,,,,,,,,,,,,,,,,,,,,,,,,,,,,,,,,,,,,,,,,,,,,,,,,,,,,,,,,,,,,,,,,,,
89,41,40,36,53,26,37,42,57,48,65,1,0,0,7,23,117,-13,14,4,-1,-15,-9,-19,0,0,-1.0,0.0,12.0,0.0,75.0,82.0,82.0,71.0,46.0,56.0,52.0,43.0,135.0,80.0,73.0,68.0,75.0,2.0,-2.0,25.0,12.0,2.0,6.0,1.0,13.0,13.0,16.0,-27.0,-15.0,-24.0,-16.0,-11.0,-15.0,-19.0,11.0,0.0,15.0,-13.0,-20.0,-3.0,-5.0,-3.0,0.0,0.0,5.0,-21.0,-25.0,-54.0,118.0,77.0,78.0,101.0,122.0,10.0,299.0,407.0,413.0,12.0,13.0,14.0,10.0,7.0,4.0,2.0,1.0,3.0,1.0,4.0,0.0,-21.0,-4.0,-27.0,-25.0,-24.0,-34.0,-31.0,9999.0,-57.0,-60.0,-60.0,-51.0,-51.0,-53.0,-49.0,-42.0,-46.0,-37.0,-46.0,-39.0,-38.0,-39.0,-29.0,-23.0,-25.0,-13.0,-13.0,-12.0,-11.0,0.0,-50.0,,,,,,,,,,,,,,,,,,,,,,,,,,,,,,,,,,,,,,,,,,,,,,,,,,,,,,,,,,,,,,,,,,,,,,,,,,,,,,,,,,,,,,,,,,,,,,,,,,,,,,,,,,,,,,,
90,-26,0,-3,5,-5,-4,-14,-3,-19,-17,-23,-9,-21,-11,-46,-20,-26,-15,-34,12,-10,-14,-52,-27,-62,19.0,1.0,51.0,45.0,64.0,10.0,62.0,2.0,9.0,-70.0,-49.0,-99.0,-57.0,-75.0,-87.0,-88.0,-73.0,-124.0,348.0,364.0,388.0,405.0,416.0,419.0,599.0,578.0,675.0,633.0,685.0,640.0,659.0,606.0,633.0,632.0,652.0,702.0,713.0,716.0,708.0,745.0,751.0,739.0,752.0,735.0,754.0,646.0,630.0,610.0,606.0,598.0,619.0,633.0,828.0,924.0,941.0,902.0,1037.0,1150.0,1532.0,1570.0,,,,,,,,,,,,,,,,,,,,,,,,,,,,,,,,,,,,,,,,,,,,,,,,,,,,,,,,,,,,,,,,,,,,,,,,,,,,,,,,,,,,,,,,,,,,,,,,,,,,,,,,,,,,,,,,,,,,,,,,,,,,,,,,,,,,,,,,,,,,,,,,,,,,,,,
91,24,44,30,30,18,46,36,27,-7,7,-21,2,0,42,29,42,-21,38,43,49,55,51,-32,-17,-25,-14.0,-28.0,3.0,0.0,9.0,0.0,0.0,-9.0,35.0,21.0,17.0,10.0,9.0,12.0,25.0,0.0,231.0,234.0,314.0,320.0,335.0,309.0,294.0,72.0,344.0,302.0,322.0,312.0,381.0,356.0,462.0,424.0,425.0,393.0,419.0,409.0,551.0,533.0,756.0,797.0,777.0,779.0,780.0,798.0,,,,,,,,,,,,,,,,,,,,,,,,,,,,,,,,,,,,,,,,,,,,,,,,,,,,,,,,,,,,,,,,,,,,,,,,,,,,,,,,,,,,,,,,,,,,,,,,,,,,,,,,,,,,,,,,,,,,,,,,,,,,,,,,,,,,,,,,,,,,,,,,,,,,,,,,,,,,,,,,,,,,,,,
92,16,76,65,76,59,91,67,74,72,64,69,77,59,79,31,43,30,50,32,23,12,36,18,42,20,31.0,16.0,37.0,14.0,30.0,25.0,64.0,32.0,79.0,51.0,98.0,52.0,55.0,57.0,42.0,51.0,63.0,34.0,41.0,30.0,43.0,46.0,45.0,49.0,63.0,0.0,9.0,33.0,74.0,-1.0,0.0,-25.0,-8.0,-26.0,-2.0,-162.0,-164.0,-188.0,-80.0,-134.0,-82.0,-94.0,-47.0,-61.0,-89.0,-162.0,-205.0,-420.0,-129.0,-161.0,-70.0,-70.0,-64.0,-60.0,-50.0,-80.0,-20.0,-100.0,-94.0,-87.0,-65.0,-106.0,-96.0,-110.0,-110.0,-118.0,-113.0,-132.0,-124.0,-103.0,-123.0,-134.0,-137.0,-134.0,-138.0,-139.0,-107.0,-111.0,-90.0,-104.0,-66.0,-72.0,-64.0,-58.0,-62.0,-75.0,-51.0,-74.0,-72.0,-84.0,-68.0,-78.0,-77.0,-89.0,-71.0,-65.0,-67.0,-75.0,-81.0,-75.0,-35.0,-33.0,-32.0,-38.0,-32.0,-34.0,-14.0,-28.0,-30.0,-37.0,-37.0,-44.0,-38.0,-167.0,-48.0,-150.0,-50.0,-87.0,-55.0,-49.0,-53.0,-52.0,-46.0,-45.0,-50.0,-47.0,-52.0,-51.0,-48.0,-48.0,-42.0,-44.0,-44.0,-44.0,-44.0,-44.0,-9.0,-15.0,-7.0,-14.0,-24.0,-20.0,-12.0,-14.0,-15.0,-14.0,-14.0,-49.0,-23.0,-23.0,-15.0,-16.0,-17.0,-16.0,-16.0,-12.0,-11.0,-12.0,-15.0,-20.0,-18.0,-17.0,-13.0,-12.0,-22.0,-17.0,-19.0,-18.0,-14.0,-42.0,-42.0,-42.0,-34.0,-31.0,-23.0,-23.0,-14.0,-23.0,-1.0,-10.0,-5.0,-3.0,-8.0,-5.0,0.0,0.0,0.0,0.0,0.0,0.0,0.0,0.0,0.0,0.0,0.0,0.0,0.0,0.0,0.0,-42.0,0.0,0.0,0.0,0.0,0.0,0.0,0.0,-42.0,-42.0,-42.0,0.0
93,28,50,37,49,35,37,36,44,8,68,57,39,42,39,51,52,29,24,41,53,35,28,50,54,47,36.0,23.0,52.0,57.0,61.0,60.0,61.0,47.0,50.0,23.0,19.0,19.0,17.0,27.0,40.0,35.0,36.0,0.0,36.0,32.0,38.0,31.0,40.0,40.0,30.0,32.0,32.0,24.0,53.0,25.0,81.0,25.0,73.0,64.0,70.0,53.0,117.0,-4.0,0.0,0.0,0.0,0.0,0.0,-5.0,-1.0,-2.0,0.0,,,,,,,,,,,,,,,,,,,,,,,,,,,,,,,,,,,,,,,,,,,,,,,,,,,,,,,,,,,,,,,,,,,,,,,,,,,,,,,,,,,,,,,,,,,,,,,,,,,,,,,,,,,,,,,,,,,,,,,,,,,,,,,,,,,,,,,,,,,,,,,,,,,,,,,,,,,,,,,,,,,,
94,21,33,26,32,22,25,18,24,-10,33,40,73,56,70,52,60,67,61,6,26,-22,-4,-36,214,210,260.0,219.0,262.0,217.0,256.0,192.0,209.0,195.0,146.0,113.0,150.0,186.0,194.0,155.0,208.0,197.0,169.0,142.0,212.0,86.0,101.0,95.0,107.0,98.0,105.0,82.0,93.0,40.0,102.0,87.0,113.0,40.0,51.0,76.0,80.0,43.0,70.0,47.0,65.0,53.0,61.0,50.0,54.0,31.0,27.0,22.0,23.0,18.0,32.0,25.0,27.0,19.0,22.0,15.0,30.0,13.0,13.0,,,,,,,,,,,,,,,,,,,,,,,,,,,,,,,,,,,,,,,,,,,,,,,,,,,,,,,,,,,,,,,,,,,,,,,,,,,,,,,,,,,,,,,,,,,,,,,,,,,,,,,,,,,,,,,,,,,,,,,,,,,,,,,,,,,,,,,,,,,,,,,,,,,,,,,,,,
95,23,32,2,8,0,-5,22,37,18,19,-7,5,-4,19,-5,9,26,59,47,58,62,60,47,105,-7,38.0,25.0,90.0,36.0,56.0,0.0,53.0,74.0,52.0,16.0,24.0,25.0,37.0,6.0,11.0,-2.0,12.0,0.0,25.0,15.0,17.0,18.0,77.0,32.0,41.0,-39.0,-42.0,-26.0,-64.0,-86.0,-86.0,-91.0,81.0,0.0,121.0,-593.0,-585.0,,,,,,,,,,,,,,,,,,,,,,,,,,,,,,,,,,,,,,,,,,,,,,,,,,,,,,,,,,,,,,,,,,,,,,,,,,,,,,,,,,,,,,,,,,,,,,,,,,,,,,,,,,,,,,,,,,,,,,,,,,,,,,,,,,,,,,,,,,,,,,,,,,,,,,,,,,,,,,,,,,,,,,,,,,,,,,
96,34,25,1,39,17,30,21,35,26,28,22,24,30,32,28,43,40,108,26,36,30,44,27,64,60,55.0,46.0,54.0,56.0,67.0,63.0,76.0,60.0,81.0,75.0,97.0,78.0,78.0,62.0,146.0,105.0,143.0,145.0,149.0,147.0,178.0,85.0,76.0,87.0,80.0,71.0,98.0,61.0,62.0,38.0,35.0,0.0,25.0,-11.0,6.0,-96.0,-126.0,-114.0,-87.0,-667.0,-800.0,-817.0,0.0,0.0,0.0,0.0,0.0,0.0,0.0,,,,,,,,,,,,,,,,,,,,,,,,,,,,,,,,,,,,,,,,,,,,,,,,,,,,,,,,,,,,,,,,,,,,,,,,,,,,,,,,,,,,,,,,,,,,,,,,,,,,,,,,,,,,,,,,,,,,,,,,,,,,,,,,,,,,,,,,,,,,,,,,,,,,,,,,,,,,,,,,,,
97,25,43,25,60,14,29,20,16,12,37,35,21,11,14,-11,-2,-6,12,-5,28,-37,-27,-28,-15,-34,-32.0,-36.0,-33.0,-33.0,-38.0,-58.0,139.0,98.0,108.0,90.0,162.0,115.0,163.0,150.0,197.0,194.0,209.0,106.0,126.0,93.0,126.0,119.0,114.0,133.0,168.0,95.0,196.0,154.0,164.0,151.0,136.0,129.0,298.0,254.0,305.0,255.0,971.0,1140.0,,,,,,,,,,,,,,,,,,,,,,,,,,,,,,,,,,,,,,,,,,,,,,,,,,,,,,,,,,,,,,,,,,,,,,,,,,,,,,,,,,,,,,,,,,,,,,,,,,,,,,,,,,,,,,,,,,,,,,,,,,,,,,,,,,,,,,,,,,,,,,,,,,,,,,,,,,,,,,,,,,,,,,,,,,,,,
98,31,38,46,60,22,22,27,33,24,31,26,34,13,53,39,40,18,36,38,20,-23,-8,-14,-21,-45,-27.0,-37.0,-46.0,-74.0,-65.0,-72.0,-73.0,-94.0,-67.0,-82.0,-74.0,-98.0,-28.0,-34.0,-42.0,-40.0,-44.0,-61.0,-35.0,-36.0,-19.0,-21.0,-12.0,-17.0,-15.0,-118.0,-92.0,-168.0,-175.0,-195.0,-176.0,-207.0,-190.0,-220.0,-148.0,-138.0,-135.0,-133.0,-152.0,-121.0,-69.0,-82.0,-93.0,-100.0,-75.0,-91.0,-75.0,-84.0,-88.0,-88.0,-85.0,-88.0,-47.0,-76.0,-75.0,-93.0,-62.0,-156.0,-101.0,-81.0,-81.0,-120.0,-124.0,-174.0,-82.0,-77.0,-92.0,-122.0,-55.0,-137.0,-52.0,-50.0,-44.0,-173.0,-154.0,-131.0,-109.0,-112.0,-53.0,-64.0,-32.0,-96.0,-87.0,-95.0,-87.0,-92.0,-116.0,-118.0,-89.0,-172.0,-59.0,-127.0,-81.0,-69.0,-18.0,-13.0,-8.0,-9.0,-5.0,-9.0,0.0,0.0,0.0,-2.0,0.0,-4.0,0.0,0.0,8.0,7.0,27.0,21.0,17.0,20.0,6.0,9.0,22.0,18.0,19.0,15.0,19.0,12.0,11.0,8.0,19.0,,,,,,,,,,,,,,,,,,,,,,,,,,,,,,,,,,,,,,,,,,,,,,,,,,,,,,,,,,,,,,,,,,,,,,,,,,,,,,,,,,,,,,
99,19,62,44,49,38,62,65,69,60,54,40,47,57,67,68,55,58,61,37,67,37,72,50,40,36,39.0,44.0,48.0,43.0,71.0,23.0,41.0,45.0,138.0,30.0,93.0,-55.0,-27.0,-13.0,32.0,-105.0,0.0,-134.0,-94.0,-123.0,-156.0,-187.0,-193.0,-221.0,-15.0,-59.0,-13.0,-125.0,17.0,-64.0,610.0,630.0,927.0,-4.0,450.0,430.0,695.0,677.0,723.0,678.0,537.0,588.0,952.0,946.0,,,,,,,,,,,,,,,,,,,,,,,,,,,,,,,,,,,,,,,,,,,,,,,,,,,,,,,,,,,,,,,,,,,,,,,,,,,,,,,,,,,,,,,,,,,,,,,,,,,,,,,,,,,,,,,,,,,,,,,,,,,,,,,,,,,,,,,,,,,,,,,,,,,,,,,,,,,,,,,,,,,,,,,
100,25,42,-1,11,-9,30,5,29,25,37,28,61,23,67,23,58,32,37,50,81,78,137,132,138,118,116.0,69.0,109.0,86.0,69.0,165.0,158.0,30.0,76.0,90.0,83.0,15.0,317.0,350.0,375.0,361.0,403.0,193.0,229.0,224.0,398.0,386.0,537.0,499.0,684.0,702.0,782.0,775.0,783.0,772.0,783.0,788.0,,,,,,,,,,,,,,,,,,,,,,,,,,,,,,,,,,,,,,,,,,,,,,,,,,,,,,,,,,,,,,,,,,,,,,,,,,,,,,,,,,,,,,,,,,,,,,,,,,,,,,,,,,,,,,,,,,,,,,,,,,,,,,,,,,,,,,,,,,,,,,,,,,,,,,,,,,,,,,,,,,,,,,,,,,,,,,,,,,,
101,37,48,48,49,38,50,31,81,56,85,81,85,62,74,62,75,75,84,87,96,56,52,49,77,37,62.0,56.0,112.0,111.0,142.0,42.0,70.0,63.0,64.0,55.0,65.0,69.0,80.0,75.0,116.0,71.0,85.0,63.0,112.0,62.0,113.0,107.0,91.0,85.0,79.0,5.0,3.0,-8.0,5.0,9.0,15.0,-2.0,-4.0,0.0,-7.0,-11.0,0.0,-1.0,0.0,-25.0,-20.0,0.0,0.0,-46.0,-36.0,-29.0,-46.0,-41.0,-31.0,-5.0,-14.0,-30.0,-18.0,-18.0,-30.0,-684.0,-703.0,-703.0,-702.0,,,,,,,,,,,,,,,,,,,,,,,,,,,,,,,,,,,,,,,,,,,,,,,,,,,,,,,,,,,,,,,,,,,,,,,,,,,,,,,,,,,,,,,,,,,,,,,,,,,,,,,,,,,,,,,,,,,,,,,,,,,,,,,,,,,,,,,,,,,,,,,,,,,,,,,,
102,15,26,39,39,52,57,52,53,34,54,2,41,14,65,37,50,43,45,30,30,31,37,0,27,24,66.0,71.0,91.0,74.0,131.0,130.0,151.0,136.0,162.0,103.0,172.0,157.0,176.0,153.0,357.0,336.0,421.0,387.0,440.0,444.0,415.0,373.0,559.0,475.0,558.0,501.0,796.0,740.0,813.0,836.0,852.0,777.0,1016.0,1079.0,1068.0,1073.0,,,,,,,,,,,,,,,,,,,,,,,,,,,,,,,,,,,,,,,,,,,,,,,,,,,,,,,,,,,,,,,,,,,,,,,,,,,,,,,,,,,,,,,,,,,,,,,,,,,,,,,,,,,,,,,,,,,,,,,,,,,,,,,,,,,,,,,,,,,,,,,,,,,,,,,,,,,,,,,,,,,,,,,,,,,,,,,
103,26,36,35,64,41,70,25,43,23,23,17,13,13,20,-12,17,-21,-21,-29,-22,-25,-23,-25,-28,-24,-12.0,-18.0,-2.0,-10.0,12.0,21.0,12.0,-11.0,0.0,-29.0,-12.0,-14.0,-15.0,-43.0,-30.0,-44.0,0.0,-14.0,-41.0,-37.0,-40.0,-33.0,-9.0,-50.0,-22.0,-23.0,0.0,-9.0,-14.0,-13.0,-7.0,-576.0,-583.0,-675.0,-656.0,-662.0,-656.0,-657.0,-639.0,-637.0,-644.0,-656.0,-649.0,-658.0,-656.0,-656.0,-623.0,-654.0,-588.0,-663.0,-659.0,-691.0,-675.0,-667.0,-640.0,-695.0,-687.0,-744.0,-740.0,-835.0,-841.0,-849.0,-821.0,-853.0,-878.0,,,,,,,,,,,,,,,,,,,,,,,,,,,,,,,,,,,,,,,,,,,,,,,,,,,,,,,,,,,,,,,,,,,,,,,,,,,,,,,,,,,,,,,,,,,,,,,,,,,,,,,,,,,,,,,,,,,,,,,,,,,,,,,,,,,,,,,,,,,,,,,,,,
104,12,36,21,34,25,35,6,10,11,1,1,12,-24,17,10,5,-19,8,-15,-2,2,15,-2,14,14,29.0,33.0,26.0,24.0,40.0,29.0,21.0,20.0,21.0,18.0,20.0,20.0,34.0,36.0,18.0,7.0,27.0,21.0,27.0,19.0,62.0,47.0,79.0,40.0,58.0,18.0,68.0,65.0,10.0,0.0,14.0,0.0,0.0,0.0,20.0,29.0,31.0,20.0,19.0,17.0,17.0,26.0,21.0,18.0,18.0,27.0,32.0,24.0,50.0,24.0,27.0,38.0,34.0,29.0,26.0,24.0,30.0,36.0,33.0,31.0,62.0,70.0,56.0,60.0,52.0,57.0,46.0,29.0,32.0,10.0,21.0,16.0,19.0,7.0,10.0,20.0,11.0,22.0,8.0,5.0,6.0,5.0,4.0,0.0,0.0,0.0,0.0,0.0,0.0,6.0,0.0,0.0,0.0,0.0,0.0,0.0,0.0,0.0,0.0,0.0,2.0,0.0,0.0,0.0,0.0,0.0,0.0,0.0,0.0,0.0,0.0,0.0,0.0,0.0,0.0,0.0,0.0,0.0,0.0,0.0,0.0,0.0,0.0,0.0,0.0,0.0,0.0,0.0,0.0,0.0,0.0,0.0,0.0,0.0,0.0,0.0,0.0,0.0,5.0,0.0,0.0,0.0,0.0,0.0,0.0,0.0,0.0,,,,,,,,,,,,,,,,,,,,,,,,,,,,,,,,,,,,,,,,,,,,,,,,,,,,,,,,,,,,,,,,
105,30,24,31,23,6,6,2,11,9,21,16,24,20,39,25,51,13,6,11,20,0,17,13,22,8,8.0,4.0,17.0,10.0,13.0,-32.0,-31.0,-103.0,-86.0,-105.0,-96.0,-125.0,-82.0,-105.0,-102.0,-87.0,-72.0,-139.0,-45.0,-153.0,-14.0,-112.0,-81.0,-152.0,-173.0,-165.0,-162.0,-188.0,-129.0,-151.0,-154.0,-141.0,-44.0,-279.0,-331.0,-584.0,-585.0,-607.0,-560.0,,,,,,,,,,,,,,,,,,,,,,,,,,,,,,,,,,,,,,,,,,,,,,,,,,,,,,,,,,,,,,,,,,,,,,,,,,,,,,,,,,,,,,,,,,,,,,,,,,,,,,,,,,,,,,,,,,,,,,,,,,,,,,,,,,,,,,,,,,,,,,,,,,,,,,,,,,,,,,,,,,,,,,,,,,,,
106,12,54,37,52,35,66,32,31,20,28,30,28,17,23,21,20,26,29,16,24,40,38,26,16,14,0.0,14.0,13.0,18.0,43.0,12.0,45.0,-65.0,-58.0,-110.0,-52.0,-119.0,-88.0,-128.0,-47.0,-7.0,54.0,-16.0,71.0,80.0,330.0,355.0,384.0,271.0,427.0,389.0,393.0,394.0,407.0,406.0,434.0,396.0,399.0,433.0,429.0,406.0,408.0,412.0,454.0,216.0,380.0,381.0,387.0,398.0,423.0,450.0,552.0,448.0,739.0,765.0,773.0,806.0,807.0,810.0,810.0,846.0,787.0,840.0,819.0,846.0,874.0,890.0,888.0,890.0,9995.0,9996.0,9996.0,9997.0,,,,,,,,,,,,,,,,,,,,,,,,,,,,,,,,,,,,,,,,,,,,,,,,,,,,,,,,,,,,,,,,,,,,,,,,,,,,,,,,,,,,,,,,,,,,,,,,,,,,,,,,,,,,,,,,,,,,,,,,,,,,,,,,,,,,,,,,,,,,,,,
107,44,47,44,49,41,46,35,60,42,45,27,49,22,50,36,39,32,33,20,33,19,32,27,28,19,28.0,27.0,29.0,28.0,29.0,32.0,40.0,25.0,27.0,10.0,37.0,37.0,30.0,37.0,49.0,37.0,48.0,28.0,83.0,71.0,101.0,54.0,46.0,18.0,9.0,12.0,87.0,44.0,121.0,14.0,32.0,10.0,12.0,1.0,212.0,0.0,57.0,-84.0,-46.0,-175.0,-171.0,-314.0,-397.0,-410.0,-516.0,-601.0,0.0,-5.0,0.0,0.0,12.0,-1.0,61.0,82.0,82.0,0.0,5.0,-11.0,-2.0,-1.0,-8.0,0.0,0.0,0.0,8.0,4.0,145.0,159.0,168.0,62.0,39.0,56.0,30.0,0.0,0.0,0.0,0.0,0.0,0.0,0.0,0.0,0.0,0.0,,,,,,,,,,,,,,,,,,,,,,,,,,,,,,,,,,,,,,,,,,,,,,,,,,,,,,,,,,,,,,,,,,,,,,,,,,,,,,,,,,,,,,,,,,,,,,,,,,,,,,,,,,,,,,,,,,,,,,,,,,,,,,,,
108,34,54,52,68,36,61,74,70,65,77,75,82,11,19,0,13,-10,88,84,86,77,79,-68,-62,-82,-57.0,-84.0,-66.0,-87.0,-93.0,-77.0,-23.0,-52.0,-42.0,-64.0,64.0,47.0,87.0,76.0,97.0,116.0,92.0,100.0,103.0,86.0,104.0,103.0,44.0,-4.0,0.0,0.0,16.0,1.0,38.0,6.0,100.0,87.0,104.0,3.0,12.0,20.0,11.0,24.0,239.0,38.0,106.0,131.0,143.0,103.0,198.0,30.0,56.0,52.0,50.0,49.0,61.0,54.0,65.0,34.0,29.0,30.0,50.0,61.0,82.0,70.0,118.0,89.0,112.0,97.0,98.0,62.0,49.0,49.0,44.0,48.0,57.0,41.0,108.0,89.0,125.0,84.0,104.0,106.0,110.0,106.0,116.0,41.0,39.0,32.0,25.0,17.0,206.0,447.0,450.0,451.0,754.0,175.0,267.0,262.0,249.0,248.0,255.0,282.0,356.0,328.0,330.0,386.0,401.0,471.0,501.0,565.0,637.0,595.0,696.0,217.0,490.0,497.0,582.0,630.0,628.0,666.0,729.0,729.0,733.0,759.0,764.0,639.0,764.0,765.0,767.0,684.0,769.0,769.0,773.0,775.0,829.0,830.0,830.0,830.0,830.0,830.0,830.0,818.0,830.0,830.0,830.0,830.0,830.0,830.0,830.0,830.0,,,,,,,,,,,,,,,,,,,,,,,,,,,,,,,,,,,,,,,,,,,,,,,,,,,,,,,,,,,,,,,,,
109,41,46,28,47,35,36,32,72,24,68,37,33,-7,0,-5,66,71,94,19,46,5,80,63,90,43,146.0,48.0,120.0,90.0,96.0,71.0,109.0,97.0,120.0,98.0,107.0,92.0,98.0,83.0,126.0,70.0,69.0,59.0,65.0,54.0,63.0,57.0,70.0,63.0,63.0,50.0,55.0,36.0,73.0,70.0,85.0,64.0,141.0,64.0,79.0,77.0,87.0,67.0,134.0,121.0,189.0,133.0,256.0,266.0,281.0,283.0,304.0,294.0,397.0,245.0,268.0,265.0,261.0,287.0,289.0,290.0,296.0,340.0,364.0,355.0,429.0,465.0,514.0,293.0,500.0,495.0,595.0,650.0,637.0,523.0,620.0,741.0,756.0,740.0,755.0,750.0,735.0,765.0,765.0,779.0,776.0,756.0,779.0,779.0,763.0,750.0,,,,,,,,,,,,,,,,,,,,,,,,,,,,,,,,,,,,,,,,,,,,,,,,,,,,,,,,,,,,,,,,,,,,,,,,,,,,,,,,,,,,,,,,,,,,,,,,,,,,,,,,,,,,,,,,,,,,,,,,,,,,,
110,17,47,21,35,36,38,20,19,32,40,42,48,-4,12,15,27,-8,15,-3,-28,-32,-33,-58,-34,-49,-11.0,-21.0,-16.0,-51.0,55.0,66.0,65.0,51.0,413.0,411.0,445.0,183.0,275.0,236.0,396.0,333.0,380.0,375.0,365.0,446.0,784.0,602.0,1004.0,958.0,1043.0,1028.0,1055.0,767.0,833.0,823.0,,,,,,,,,,,,,,,,,,,,,,,,,,,,,,,,,,,,,,,,,,,,,,,,,,,,,,,,,,,,,,,,,,,,,,,,,,,,,,,,,,,,,,,,,,,,,,,,,,,,,,,,,,,,,,,,,,,,,,,,,,,,,,,,,,,,,,,,,,,,,,,,,,,,,,,,,,,,,,,,,,,,,,,,,,,,,,,,,,,,,
111,28,54,53,41,54,58,33,55,45,75,55,58,51,64,58,81,74,75,34,80,68,78,87,90,69,109.0,97.0,118.0,84.0,146.0,55.0,167.0,22.0,168.0,141.0,161.0,117.0,118.0,102.0,104.0,84.0,90.0,-10.0,62.0,-1.0,94.0,67.0,71.0,45.0,86.0,39.0,53.0,34.0,115.0,18.0,64.0,50.0,75.0,-117.0,-97.0,-244.0,-245.0,-231.0,-172.0,-183.0,-155.0,-188.0,-165.0,-381.0,-318.0,-648.0,-238.0,-293.0,-253.0,-244.0,-300.0,-310.0,-250.0,-334.0,-355.0,-436.0,-350.0,-462.0,-306.0,-375.0,-380.0,-447.0,-418.0,-504.0,-419.0,-524.0,-554.0,-550.0,-589.0,-697.0,-581.0,-609.0,-568.0,-636.0,-618.0,-628.0,-456.0,-812.0,-881.0,-891.0,-757.0,-843.0,-825.0,-897.0,-550.0,-855.0,-919.0,-1040.0,-1077.0,-1322.0,-1172.0,-1287.0,-912.0,-1329.0,-1308.0,-1926.0,-1485.0,-1739.0,-1975.0,-9994.0,-9995.0,-9998.0,-9999.0,,,,,,,,,,,,,,,,,,,,,,,,,,,,,,,,,,,,,,,,,,,,,,,,,,,,,,,,,,,,,,,,,,,,,,,,,,,,,,,,,,,,,,,,,,,,,,,,,,,,,,,,,,,,
112,29,27,26,27,49,66,52,56,29,96,86,80,39,100,102,94,88,93,84,94,69,57,33,52,46,55.0,18.0,94.0,83.0,102.0,95.0,101.0,80.0,75.0,38.0,38.0,20.0,21.0,0.0,18.0,16.0,11.0,-12.0,40.0,0.0,84.0,75.0,70.0,-187.0,-140.0,-450.0,-477.0,-578.0,-555.0,-586.0,-615.0,-637.0,-597.0,-647.0,-645.0,-597.0,-642.0,-632.0,-652.0,-671.0,-525.0,-596.0,-543.0,-680.0,-690.0,-691.0,-699.0,-916.0,-925.0,-6837.0,-6828.0,-6919.0,-1102.0,-1116.0,-1381.0,-1506.0,-1751.0,-9998.0,-9998.0,,,,,,,,,,,,,,,,,,,,,,,,,,,,,,,,,,,,,,,,,,,,,,,,,,,,,,,,,,,,,,,,,,,,,,,,,,,,,,,,,,,,,,,,,,,,,,,,,,,,,,,,,,,,,,,,,,,,,,,,,,,,,,,,,,,,,,,,,,,,,,,,,,,,,,,,
113,21,27,16,19,25,47,45,54,40,75,56,85,61,76,87,137,112,98,115,136,128,156,80,104,101,104.0,49.0,186.0,132.0,192.0,135.0,408.0,168.0,186.0,199.0,248.0,183.0,193.0,203.0,249.0,225.0,379.0,418.0,426.0,379.0,409.0,-486.0,-509.0,-504.0,-501.0,-556.0,-541.0,-573.0,-544.0,-560.0,-545.0,-628.0,-406.0,-362.0,-363.0,-608.0,-604.0,-584.0,-618.0,-684.0,-643.0,-695.0,-727.0,-737.0,-653.0,-590.0,-579.0,-696.0,-664.0,-796.0,-747.0,-800.0,-781.0,-912.0,-556.0,-686.0,-648.0,-712.0,-697.0,-727.0,-709.0,-716.0,-529.0,-517.0,-513.0,-707.0,-520.0,-612.0,-531.0,-570.0,-660.0,-696.0,-708.0,-736.0,-739.0,,,,,,,,,,,,,,,,,,,,,,,,,,,,,,,,,,,,,,,,,,,,,,,,,,,,,,,,,,,,,,,,,,,,,,,,,,,,,,,,,,,,,,,,,,,,,,,,,,,,,,,,,,,,,,,,,,,,,,,,,,,,,,,,,,,,,,,,
114,17,30,28,18,2,22,16,37,45,77,24,69,-4,2,-7,-12,-33,-26,-58,-22,-75,-29,-40,-39,-50,-44.0,-112.0,-105.0,-133.0,-121.0,-176.0,-163.0,-175.0,-157.0,-260.0,-267.0,-233.0,-240.0,-251.0,-250.0,-271.0,-249.0,-305.0,-275.0,-342.0,-155.0,-208.0,-112.0,-175.0,-194.0,-405.0,-286.0,-319.0,-299.0,-280.0,-295.0,-334.0,-396.0,-396.0,-150.0,-222.0,-190.0,-247.0,-56.0,-195.0,-59.0,-419.0,-412.0,-421.0,-412.0,-547.0,-578.0,-713.0,-685.0,,,,,,,,,,,,,,,,,,,,,,,,,,,,,,,,,,,,,,,,,,,,,,,,,,,,,,,,,,,,,,,,,,,,,,,,,,,,,,,,,,,,,,,,,,,,,,,,,,,,,,,,,,,,,,,,,,,,,,,,,,,,,,,,,,,,,,,,,,,,,,,,,,,,,,,,,,,,,,,,,,
115,25,32,22,44,14,20,19,25,5,18,19,53,24,40,-12,77,63,72,62,70,40,58,57,50,40,67.0,43.0,64.0,25.0,48.0,43.0,40.0,0.0,47.0,-42.0,-29.0,-66.0,-43.0,-68.0,-83.0,-73.0,41.0,24.0,25.0,13.0,80.0,-29.0,0.0,-290.0,-248.0,-276.0,-263.0,-333.0,-122.0,-251.0,-256.0,-279.0,59.0,94.0,243.0,213.0,190.0,-453.0,73.0,-154.0,-174.0,-219.0,-162.0,-158.0,-101.0,-214.0,-166.0,-293.0,-262.0,-338.0,-35.0,-59.0,48.0,-119.0,38.0,20.0,43.0,15.0,52.0,60.0,62.0,66.0,75.0,76.0,62.0,60.0,58.0,54.0,54.0,52.0,174.0,207.0,178.0,90.0,164.0,3.0,154.0,158.0,158.0,0.0,,,,,,,,,,,,,,,,,,,,,,,,,,,,,,,,,,,,,,,,,,,,,,,,,,,,,,,,,,,,,,,,,,,,,,,,,,,,,,,,,,,,,,,,,,,,,,,,,,,,,,,,,,,,,,,,,,,,,,,,,,,,,,,,,,,
116,37,45,38,48,30,44,37,62,50,35,15,40,40,30,11,32,15,18,-18,28,21,20,22,29,26,25.0,30.0,35.0,30.0,34.0,14.0,32.0,-24.0,-16.0,-33.0,-20.0,-26.0,-12.0,-45.0,-26.0,-36.0,-27.0,-215.0,-172.0,-271.0,-261.0,-400.0,-373.0,-570.0,-225.0,-287.0,151.0,-906.0,-916.0,-960.0,-977.0,-937.0,-931.0,,,,,,,,,,,,,,,,,,,,,,,,,,,,,,,,,,,,,,,,,,,,,,,,,,,,,,,,,,,,,,,,,,,,,,,,,,,,,,,,,,,,,,,,,,,,,,,,,,,,,,,,,,,,,,,,,,,,,,,,,,,,,,,,,,,,,,,,,,,,,,,,,,,,,,,,,,,,,,,,,,,,,,,,,,,,,,,,,,
117,10,26,25,24,24,39,25,50,53,67,45,60,39,78,49,82,25,77,-1,17,-2,11,-17,-4,-47,42.0,25.0,50.0,48.0,25.0,0.0,94.0,42.0,97.0,78.0,54.0,24.0,35.0,15.0,52.0,13.0,71.0,-27.0,-31.0,-78.0,0.0,0.0,0.0,-26.0,145.0,125.0,222.0,247.0,302.0,320.0,353.0,287.0,394.0,303.0,435.0,464.0,451.0,450.0,444.0,429.0,568.0,700.0,727.0,566.0,685.0,-50.0,,,,,,,,,,,,,,,,,,,,,,,,,,,,,,,,,,,,,,,,,,,,,,,,,,,,,,,,,,,,,,,,,,,,,,,,,,,,,,,,,,,,,,,,,,,,,,,,,,,,,,,,,,,,,,,,,,,,,,,,,,,,,,,,,,,,,,,,,,,,,,,,,,,,,,,,,,,,,,,,,,,,,
118,30,31,41,53,34,44,39,51,47,52,-8,20,38,44,21,32,38,120,121,148,44,233,87,183,134,126.0,40.0,42.0,37.0,36.0,21.0,36.0,0.0,248.0,-100.0,-83.0,-121.0,-127.0,-268.0,-284.0,-301.0,-315.0,-356.0,-407.0,-439.0,-450.0,-470.0,-438.0,-545.0,-545.0,-546.0,-242.0,-413.0,-352.0,-410.0,-421.0,-500.0,-491.0,-580.0,-544.0,-658.0,-616.0,-684.0,-627.0,-670.0,-650.0,-744.0,-667.0,-700.0,-567.0,-731.0,-715.0,-713.0,-720.0,-721.0,-653.0,-775.0,-626.0,-775.0,-660.0,-684.0,-601.0,-753.0,-798.0,-829.0,-795.0,-912.0,-948.0,-924.0,-924.0,,,,,,,,,,,,,,,,,,,,,,,,,,,,,,,,,,,,,,,,,,,,,,,,,,,,,,,,,,,,,,,,,,,,,,,,,,,,,,,,,,,,,,,,,,,,,,,,,,,,,,,,,,,,,,,,,,,,,,,,,,,,,,,,,,,,,,,,,,,,,,,,,,
119,27,46,29,50,39,43,52,62,40,64,57,78,41,65,45,67,57,72,52,79,66,86,66,78,67,76.0,25.0,77.0,58.0,73.0,37.0,77.0,85.0,86.0,80.0,87.0,64.0,95.0,40.0,82.0,-2.0,4.0,0.0,27.0,29.0,34.0,0.0,67.0,58.0,55.0,15.0,33.0,25.0,31.0,25.0,80.0,-6.0,0.0,-6.0,-7.0,-5.0,-3.0,-4.0,6.0,0.0,4.0,-5.0,-1.0,0.0,0.0,-2.0,0.0,,,,,,,,,,,,,,,,,,,,,,,,,,,,,,,,,,,,,,,,,,,,,,,,,,,,,,,,,,,,,,,,,,,,,,,,,,,,,,,,,,,,,,,,,,,,,,,,,,,,,,,,,,,,,,,,,,,,,,,,,,,,,,,,,,,,,,,,,,,,,,,,,,,,,,,,,,,,,,,,,,,,
120,11,32,28,35,26,55,11,32,19,41,25,29,34,39,45,55,20,81,33,115,20,67,74,88,69,91.0,37.0,62.0,53.0,60.0,-4.0,6.0,-19.0,-10.0,-64.0,-44.0,-47.0,-35.0,-28.0,-49.0,-33.0,-45.0,-79.0,-87.0,-121.0,-95.0,-94.0,-81.0,-226.0,-219.0,-221.0,-226.0,-253.0,-194.0,-486.0,-454.0,-548.0,-447.0,-444.0,-290.0,-355.0,-281.0,-292.0,-275.0,-294.0,-311.0,-415.0,-334.0,-447.0,-373.0,-349.0,-245.0,-271.0,-282.0,-297.0,-270.0,-269.0,-241.0,-475.0,-302.0,-416.0,-346.0,-353.0,-376.0,-344.0,-375.0,-376.0,-266.0,-275.0,-248.0,-269.0,-274.0,-761.0,-334.0,-351.0,-264.0,-517.0,-242.0,-672.0,-386.0,-505.0,-505.0,-490.0,-500.0,-751.0,-776.0,-1407.0,-1130.0,-1567.0,-1190.0,-1208.0,-1215.0,-9993.0,-9994.0,-9995.0,-9996.0,,,,,,,,,,,,,,,,,,,,,,,,,,,,,,,,,,,,,,,,,,,,,,,,,,,,,,,,,,,,,,,,,,,,,,,,,,,,,,,,,,,,,,,,,,,,,,,,,,,,,,,,,,,,,,,,,,,,,,,,
121,28,39,26,44,-2,-4,-3,9,5,31,21,22,5,38,54,32,57,109,34,56,54,50,43,65,30,28.0,21.0,17.0,33.0,25.0,26.0,41.0,25.0,30.0,3.0,12.0,30.0,36.0,16.0,28.0,27.0,39.0,28.0,35.0,1.0,1.0,-12.0,-12.0,-32.0,-16.0,-21.0,-19.0,-19.0,-9.0,-252.0,-236.0,-202.0,-172.0,-755.0,-766.0,-952.0,-975.0,-1117.0,,,,,,,,,,,,,,,,,,,,,,,,,,,,,,,,,,,,,,,,,,,,,,,,,,,,,,,,,,,,,,,,,,,,,,,,,,,,,,,,,,,,,,,,,,,,,,,,,,,,,,,,,,,,,,,,,,,,,,,,,,,,,,,,,,,,,,,,,,,,,,,,,,,,,,,,,,,,,,,,,,,,,,,,,,,,,
122,21,46,58,37,6,13,11,26,10,29,19,12,16,16,-10,-1,-2,25,17,7,7,7,8,17,9,14.0,27.0,25.0,0.0,0.0,-40.0,-48.0,-64.0,-46.0,-48.0,0.0,-53.0,-20.0,-76.0,-74.0,-141.0,-17.0,-97.0,-39.0,-52.0,-3.0,-39.0,-20.0,-28.0,-41.0,-46.0,5.0,-50.0,-38.0,-50.0,-34.0,-93.0,-102.0,-102.0,-94.0,-146.0,-111.0,-114.0,-95.0,-85.0,-138.0,-115.0,-42.0,-294.0,-111.0,-90.0,0.0,-55.0,-28.0,-35.0,-37.0,-26.0,-28.0,-19.0,-14.0,-51.0,-25.0,-34.0,-22.0,-12.0,-16.0,-42.0,-23.0,-36.0,-14.0,-104.0,-34.0,-46.0,0.0,0.0,-4.0,-17.0,-7.0,-23.0,-41.0,-25.0,-37.0,-37.0,-36.0,-52.0,-28.0,-55.0,-22.0,-33.0,-17.0,-9.0,-8.0,-8.0,-8.0,-123.0,-96.0,-115.0,-112.0,-112.0,-105.0,-115.0,-110.0,-112.0,-116.0,-770.0,-763.0,-763.0,-763.0,,,,,,,,,,,,,,,,,,,,,,,,,,,,,,,,,,,,,,,,,,,,,,,,,,,,,,,,,,,,,,,,,,,,,,,,,,,,,,,,,,,,,,,,,,,,,,,,,,,,,,,,,,,,
123,25,36,14,23,11,19,-4,0,7,12,0,19,16,32,-44,-46,-55,-33,-69,-39,-53,-44,-45,-50,-72,-55.0,-76.0,-72.0,-62.0,-46.0,-100.0,-69.0,-83.0,-36.0,-72.0,-53.0,-99.0,0.0,-102.0,20.0,17.0,9.0,0.0,32.0,12.0,12.0,10.0,83.0,79.0,138.0,93.0,80.0,66.0,60.0,55.0,61.0,59.0,65.0,6.0,42.0,21.0,65.0,65.0,130.0,91.0,233.0,251.0,251.0,153.0,146.0,106.0,349.0,370.0,401.0,324.0,618.0,321.0,360.0,341.0,396.0,362.0,476.0,453.0,487.0,469.0,491.0,441.0,527.0,550.0,722.0,474.0,551.0,490.0,488.0,519.0,662.0,584.0,1340.0,1399.0,1437.0,1919.0,2424.0,9995.0,9995.0,0.0,,,,,,,,,,,,,,,,,,,,,,,,,,,,,,,,,,,,,,,,,,,,,,,,,,,,,,,,,,,,,,,,,,,,,,,,,,,,,,,,,,,,,,,,,,,,,,,,,,,,,,,,,,,,,,,,,,,,,,,,,,,,,,,,,,,
124,32,36,26,36,8,19,-8,7,2,22,-27,25,18,54,60,52,28,59,37,40,37,42,10,21,-26,-2.0,-12.0,34.0,7.0,1.0,-10.0,48.0,24.0,33.0,25.0,34.0,37.0,27.0,21.0,92.0,81.0,90.0,83.0,199.0,162.0,242.0,176.0,138.0,42.0,53.0,27.0,215.0,245.0,269.0,78.0,95.0,-123.0,-72.0,-98.0,0.0,-333.0,4.0,-543.0,229.0,-360.0,-346.0,-360.0,-322.0,-411.0,-398.0,-569.0,-495.0,-504.0,-389.0,-412.0,-405.0,-651.0,-338.0,-395.0,-348.0,-378.0,-260.0,-337.0,-296.0,-376.0,-262.0,-262.0,-259.0,-310.0,-251.0,-239.0,-232.0,-211.0,-206.0,-256.0,-264.0,-240.0,-261.0,-272.0,-300.0,-373.0,-342.0,-431.0,-332.0,-456.0,-237.0,-212.0,-9.0,-4.0,0.0,-10.0,0.0,0.0,0.0,0.0,0.0,0.0,0.0,0.0,0.0,0.0,0.0,0.0,0.0,0.0,0.0,0.0,0.0,0.0,0.0,0.0,0.0,0.0,0.0,0.0,0.0,,,,,,,,,,,,,,,,,,,,,,,,,,,,,,,,,,,,,,,,,,,,,,,,,,,,,,,,,,,,,,,,,,,,,,,,,,,,,,,,,,,,,,,,,,,,,,,,,,,,
125,18,72,61,62,44,60,54,65,57,69,61,61,58,55,62,69,51,70,11,37,25,16,15,55,14,97.0,91.0,94.0,82.0,133.0,66.0,58.0,64.0,61.0,-27.0,57.0,49.0,99.0,20.0,56.0,41.0,69.0,62.0,63.0,58.0,66.0,68.0,88.0,64.0,127.0,80.0,95.0,25.0,37.0,26.0,17.0,17.0,82.0,70.0,84.0,64.0,69.0,36.0,67.0,8.0,62.0,29.0,59.0,14.0,79.0,42.0,37.0,36.0,89.0,83.0,78.0,85.0,87.0,78.0,103.0,95.0,155.0,145.0,151.0,60.0,81.0,72.0,128.0,78.0,73.0,112.0,113.0,105.0,67.0,33.0,90.0,9.0,6.0,8.0,7.0,0.0,0.0,5.0,3.0,5.0,5.0,0.0,16.0,7.0,5.0,8.0,50.0,47.0,31.0,6.0,364.0,383.0,390.0,326.0,339.0,333.0,362.0,338.0,337.0,350.0,356.0,373.0,376.0,90.0,90.0,95.0,98.0,125.0,111.0,134.0,137.0,123.0,133.0,60.0,842.0,881.0,881.0,908.0,946.0,953.0,,,,,,,,,,,,,,,,,,,,,,,,,,,,,,,,,,,,,,,,,,,,,,,,,,,,,,,,,,,,,,,,,,,,,,,,,,,,,,,,,,,,,,,,,,,
126,18,81,65,66,62,82,50,81,55,70,62,130,99,152,83,157,91,190,189,193,183,201,162,180,127,166.0,96.0,119.0,52.0,116.0,98.0,125.0,125.0,95.0,74.0,86.0,44.0,96.0,47.0,189.0,103.0,119.0,116.0,102.0,137.0,105.0,90.0,204.0,232.0,210.0,-15.0,539.0,350.0,582.0,635.0,667.0,675.0,725.0,702.0,697.0,711.0,739.0,688.0,777.0,744.0,791.0,768.0,831.0,739.0,832.0,751.0,743.0,722.0,1542.0,,,,,,,,,,,,,,,,,,,,,,,,,,,,,,,,,,,,,,,,,,,,,,,,,,,,,,,,,,,,,,,,,,,,,,,,,,,,,,,,,,,,,,,,,,,,,,,,,,,,,,,,,,,,,,,,,,,,,,,,,,,,,,,,,,,,,,,,,,,,,,,,,,,,,,,,,,,,,,,,,,
127,23,35,18,52,-18,5,-6,0,-5,12,12,19,10,12,7,4,13,25,-19,27,9,36,21,42,58,69.0,59.0,79.0,82.0,121.0,102.0,140.0,49.0,71.0,49.0,66.0,36.0,54.0,0.0,30.0,-122.0,-159.0,-135.0,-119.0,-157.0,-156.0,-180.0,-176.0,-157.0,-156.0,-210.0,-237.0,-307.0,-314.0,-440.0,-424.0,-427.0,-405.0,-853.0,-887.0,-881.0,-866.0,-872.0,-772.0,-803.0,-775.0,-813.0,-696.0,-898.0,-725.0,-926.0,-966.0,-974.0,-988.0,,,,,,,,,,,,,,,,,,,,,,,,,,,,,,,,,,,,,,,,,,,,,,,,,,,,,,,,,,,,,,,,,,,,,,,,,,,,,,,,,,,,,,,,,,,,,,,,,,,,,,,,,,,,,,,,,,,,,,,,,,,,,,,,,,,,,,,,,,,,,,,,,,,,,,,,,,,,,,,,,,
128,-21,-9,-8,-13,-13,12,10,23,13,21,37,39,37,65,58,72,60,73,49,75,4,-7,-17,38,-70,-17.0,-59.0,-25.0,-25.0,-8.0,-4.0,-6.0,45.0,80.0,-56.0,16.0,-199.0,-216.0,-215.0,-208.0,-251.0,-157.0,-409.0,-407.0,-606.0,-638.0,-944.0,-924.0,-9996.0,-9997.0,-9997.0,-9998.0,-9998.0,-9999.0,,,,,,,,,,,,,,,,,,,,,,,,,,,,,,,,,,,,,,,,,,,,,,,,,,,,,,,,,,,,,,,,,,,,,,,,,,,,,,,,,,,,,,,,,,,,,,,,,,,,,,,,,,,,,,,,,,,,,,,,,,,,,,,,,,,,,,,,,,,,,,,,,,,,,,,,,,,,,,,,,,,,,,,,,,,,,,,,,,,,,,
129,30,48,42,62,50,47,20,34,2,77,34,50,56,62,20,62,57,96,54,61,69,80,82,91,37,57.0,64.0,95.0,78.0,229.0,164.0,275.0,247.0,275.0,131.0,159.0,212.0,246.0,82.0,932.0,932.0,943.0,230.0,241.0,188.0,273.0,187.0,440.0,105.0,297.0,89.0,382.0,161.0,169.0,526.0,930.0,935.0,1086.0,1175.0,1170.0,525.0,533.0,506.0,490.0,489.0,477.0,458.0,515.0,465.0,476.0,508.0,502.0,524.0,570.0,575.0,658.0,672.0,708.0,384.0,689.0,683.0,811.0,700.0,654.0,650.0,648.0,583.0,786.0,784.0,804.0,801.0,896.0,907.0,956.0,827.0,1057.0,1166.0,1273.0,1324.0,1892.0,1925.0,2386.0,,,,,,,,,,,,,,,,,,,,,,,,,,,,,,,,,,,,,,,,,,,,,,,,,,,,,,,,,,,,,,,,,,,,,,,,,,,,,,,,,,,,,,,,,,,,,,,,,,,,,,,,,,,,,,,,,,,,,,,,,,,,,,,,,,,,,,
130,29,47,40,46,36,53,22,30,20,19,18,29,9,20,12,39,24,75,70,67,75,88,82,95,71,87.0,62.0,79.0,40.0,49.0,34.0,75.0,64.0,119.0,70.0,125.0,99.0,130.0,98.0,126.0,117.0,207.0,71.0,75.0,30.0,97.0,36.0,73.0,94.0,113.0,113.0,106.0,131.0,166.0,97.0,166.0,117.0,188.0,45.0,67.0,0.0,0.0,0.0,0.0,0.0,8.0,0.0,0.0,0.0,0.0,0.0,0.0,-14.0,-21.0,-17.0,0.0,0.0,0.0,0.0,-5.0,0.0,-4.0,0.0,0.0,0.0,0.0,0.0,0.0,0.0,0.0,0.0,0.0,0.0,0.0,-3.0,0.0,-8.0,0.0,0.0,0.0,,,,,,,,,,,,,,,,,,,,,,,,,,,,,,,,,,,,,,,,,,,,,,,,,,,,,,,,,,,,,,,,,,,,,,,,,,,,,,,,,,,,,,,,,,,,,,,,,,,,,,,,,,,,,,,,,,,,,,,,,,,,,,,,,,,,,,,,
131,29,44,38,50,27,43,40,74,63,63,54,47,53,59,56,67,58,76,43,32,35,28,37,59,33,50.0,22.0,56.0,30.0,50.0,74.0,75.0,56.0,62.0,44.0,52.0,47.0,50.0,44.0,43.0,0.0,0.0,8.0,14.0,11.0,13.0,,,,,,,,,,,,,,,,,,,,,,,,,,,,,,,,,,,,,,,,,,,,,,,,,,,,,,,,,,,,,,,,,,,,,,,,,,,,,,,,,,,,,,,,,,,,,,,,,,,,,,,,,,,,,,,,,,,,,,,,,,,,,,,,,,,,,,,,,,,,,,,,,,,,,,,,,,,,,,,,,,,,,,,,,,,,,,,,,,,,,,,,,,,,,,
132,17,74,44,61,9,36,30,29,7,30,6,36,31,37,21,22,21,37,41,50,-8,1,-2,30,36,96.0,74.0,96.0,84.0,78.0,76.0,41.0,73.0,68.0,73.0,90.0,67.0,81.0,64.0,97.0,74.0,79.0,24.0,63.0,30.0,46.0,43.0,45.0,40.0,60.0,57.0,90.0,43.0,114.0,96.0,66.0,46.0,51.0,50.0,53.0,42.0,313.0,285.0,262.0,223.0,268.0,265.0,235.0,275.0,267.0,238.0,230.0,235.0,249.0,241.0,275.0,285.0,335.0,402.0,416.0,463.0,553.0,536.0,,,,,,,,,,,,,,,,,,,,,,,,,,,,,,,,,,,,,,,,,,,,,,,,,,,,,,,,,,,,,,,,,,,,,,,,,,,,,,,,,,,,,,,,,,,,,,,,,,,,,,,,,,,,,,,,,,,,,,,,,,,,,,,,,,,,,,,,,,,,,,,,,,,,,,,,,
133,17,44,33,37,37,46,38,58,48,57,52,85,-13,0,6,87,62,63,-25,-1,0,0,-29,0,-124,15.0,-10.0,36.0,37.0,24.0,-93.0,-76.0,-136.0,-78.0,-141.0,-140.0,-182.0,-157.0,-164.0,-145.0,-161.0,-78.0,-68.0,-58.0,-87.0,-5.0,-55.0,0.0,0.0,0.0,0.0,0.0,-120.0,-43.0,-33.0,-23.0,-117.0,-75.0,0.0,0.0,0.0,0.0,0.0,0.0,0.0,0.0,0.0,167.0,-77.0,98.0,53.0,108.0,,,,,,,,,,,,,,,,,,,,,,,,,,,,,,,,,,,,,,,,,,,,,,,,,,,,,,,,,,,,,,,,,,,,,,,,,,,,,,,,,,,,,,,,,,,,,,,,,,,,,,,,,,,,,,,,,,,,,,,,,,,,,,,,,,,,,,,,,,,,,,,,,,,,,,,,,,,,,,,,,,,,
134,10,38,33,38,19,20,20,38,24,33,34,35,31,41,10,33,30,53,39,43,37,57,45,38,40,36.0,34.0,45.0,47.0,54.0,40.0,87.0,67.0,95.0,80.0,94.0,72.0,74.0,63.0,80.0,72.0,241.0,87.0,188.0,178.0,151.0,173.0,166.0,171.0,175.0,138.0,160.0,188.0,208.0,163.0,154.0,180.0,165.0,163.0,239.0,147.0,158.0,154.0,166.0,182.0,181.0,190.0,183.0,193.0,203.0,203.0,201.0,212.0,211.0,207.0,206.0,212.0,202.0,187.0,197.0,195.0,216.0,175.0,265.0,259.0,295.0,281.0,308.0,301.0,342.0,319.0,304.0,290.0,299.0,245.0,284.0,239.0,299.0,247.0,309.0,309.0,332.0,313.0,315.0,338.0,325.0,306.0,326.0,306.0,375.0,383.0,414.0,370.0,375.0,362.0,351.0,343.0,460.0,427.0,553.0,568.0,575.0,601.0,654.0,689.0,707.0,728.0,758.0,749.0,,,,,,,,,,,,,,,,,,,,,,,,,,,,,,,,,,,,,,,,,,,,,,,,,,,,,,,,,,,,,,,,,,,,,,,,,,,,,,,,,,,,,,,,,,,,,,,,,,,,,,,,,,,
135,20,60,35,71,41,45,50,70,5,17,11,16,23,29,-23,9,-12,-18,2,-28,-28,-25,-14,-11,-13,-14.0,-10.0,-4.0,-9.0,-4.0,-32.0,-37.0,-27.0,-47.0,-43.0,-47.0,-32.0,-44.0,-38.0,-25.0,-7.0,-11.0,-92.0,5.0,-190.0,-122.0,-137.0,14.0,17.0,17.0,0.0,15.0,0.0,0.0,14.0,12.0,0.0,0.0,0.0,0.0,0.0,0.0,-34.0,0.0,0.0,0.0,0.0,0.0,0.0,0.0,-5.0,-3.0,-8.0,-8.0,,,,,,,,,,,,,,,,,,,,,,,,,,,,,,,,,,,,,,,,,,,,,,,,,,,,,,,,,,,,,,,,,,,,,,,,,,,,,,,,,,,,,,,,,,,,,,,,,,,,,,,,,,,,,,,,,,,,,,,,,,,,,,,,,,,,,,,,,,,,,,,,,,,,,,,,,,,,,,,,,,
136,19,50,40,27,7,35,25,30,34,60,0,44,37,46,44,47,45,57,36,41,40,64,52,59,59,55.0,55.0,84.0,80.0,51.0,54.0,63.0,0.0,24.0,30.0,19.0,0.0,4.0,0.0,0.0,0.0,0.0,0.0,0.0,0.0,,,,,,,,,,,,,,,,,,,,,,,,,,,,,,,,,,,,,,,,,,,,,,,,,,,,,,,,,,,,,,,,,,,,,,,,,,,,,,,,,,,,,,,,,,,,,,,,,,,,,,,,,,,,,,,,,,,,,,,,,,,,,,,,,,,,,,,,,,,,,,,,,,,,,,,,,,,,,,,,,,,,,,,,,,,,,,,,,,,,,,,,,,,,,,,
137,24,30,33,34,5,15,0,12,-1,18,-16,-17,5,45,44,38,52,31,20,32,6,22,11,20,-21,40.0,23.0,88.0,19.0,58.0,37.0,54.0,0.0,48.0,11.0,42.0,23.0,105.0,85.0,40.0,0.0,37.0,-39.0,-49.0,-75.0,-53.0,-35.0,-10.0,-78.0,-28.0,-72.0,-87.0,-109.0,-102.0,-100.0,-83.0,-82.0,-110.0,-112.0,-137.0,-118.0,-109.0,-112.0,-125.0,-111.0,0.0,0.0,0.0,0.0,0.0,0.0,67.0,0.0,91.0,78.0,105.0,88.0,103.0,-151.0,-93.0,-138.0,-286.0,-333.0,-398.0,-449.0,-460.0,-449.0,-526.0,-527.0,-554.0,-574.0,-581.0,-605.0,-570.0,-703.0,-728.0,-738.0,-545.0,-658.0,-531.0,-664.0,-704.0,-857.0,-941.0,-1011.0,-1059.0,,,,,,,,,,,,,,,,,,,,,,,,,,,,,,,,,,,,,,,,,,,,,,,,,,,,,,,,,,,,,,,,,,,,,,,,,,,,,,,,,,,,,,,,,,,,,,,,,,,,,,,,,,,,,,,,,,,,,,,,,,,,,,,,,,
138,19,41,27,28,15,35,21,20,0,8,-1,8,-19,0,-13,0,-16,0,0,-10,-16,-9,-54,-28,-61,-41.0,-24.0,-24.0,-30.0,-36.0,-63.0,-50.0,-69.0,-12.0,-62.0,48.0,15.0,115.0,32.0,44.0,0.0,23.0,23.0,23.0,0.0,0.0,,,,,,,,,,,,,,,,,,,,,,,,,,,,,,,,,,,,,,,,,,,,,,,,,,,,,,,,,,,,,,,,,,,,,,,,,,,,,,,,,,,,,,,,,,,,,,,,,,,,,,,,,,,,,,,,,,,,,,,,,,,,,,,,,,,,,,,,,,,,,,,,,,,,,,,,,,,,,,,,,,,,,,,,,,,,,,,,,,,,,,,,,,,,,,
139,28,38,25,38,25,37,-5,-11,-6,23,-26,-10,0,-19,-48,-29,-46,-48,-33,-17,-55,-26,0,0,0,0.0,0.0,0.0,-6.0,0.0,0.0,0.0,0.0,52.0,55.0,139.0,159.0,163.0,159.0,190.0,234.0,198.0,182.0,201.0,206.0,477.0,471.0,558.0,593.0,512.0,549.0,,,,,,,,,,,,,,,,,,,,,,,,,,,,,,,,,,,,,,,,,,,,,,,,,,,,,,,,,,,,,,,,,,,,,,,,,,,,,,,,,,,,,,,,,,,,,,,,,,,,,,,,,,,,,,,,,,,,,,,,,,,,,,,,,,,,,,,,,,,,,,,,,,,,,,,,,,,,,,,,,,,,,,,,,,,,,,,,,,,,,,,,,
140,31,62,40,69,10,23,-2,11,11,14,12,13,14,23,2,16,0,18,10,21,11,9,16,12,4,4.0,13.0,28.0,10.0,11.0,5.0,11.0,13.0,4.0,4.0,2.0,7.0,14.0,13.0,15.0,18.0,59.0,19.0,75.0,58.0,63.0,21.0,17.0,27.0,99.0,98.0,78.0,78.0,53.0,29.0,212.0,187.0,208.0,224.0,202.0,191.0,228.0,236.0,228.0,182.0,186.0,161.0,167.0,160.0,152.0,131.0,161.0,150.0,151.0,148.0,263.0,216.0,226.0,214.0,267.0,186.0,185.0,62.0,139.0,149.0,140.0,149.0,173.0,131.0,243.0,216.0,247.0,225.0,257.0,295.0,308.0,281.0,353.0,266.0,330.0,419.0,432.0,525.0,549.0,597.0,613.0,614.0,621.0,624.0,627.0,647.0,638.0,829.0,912.0,988.0,1032.0,1088.0,1099.0,1121.0,1138.0,1199.0,1203.0,1211.0,1294.0,1319.0,1412.0,1527.0,,,,,,,,,,,,,,,,,,,,,,,,,,,,,,,,,,,,,,,,,,,,,,,,,,,,,,,,,,,,,,,,,,,,,,,,,,,,,,,,,,,,,,,,,,,,,,,,,,,,,,,,,,,,,
141,29,39,34,38,29,70,41,53,44,67,63,70,58,46,42,59,63,100,17,61,22,34,-1,-10,11,22.0,19.0,25.0,25.0,36.0,13.0,86.0,52.0,25.0,-4.0,0.0,-14.0,-4.0,0.0,0.0,-27.0,0.0,-67.0,-37.0,-26.0,-24.0,-65.0,-8.0,1.0,0.0,-12.0,12.0,-22.0,59.0,46.0,60.0,12.0,24.0,27.0,40.0,16.0,75.0,43.0,46.0,13.0,59.0,,,,,,,,,,,,,,,,,,,,,,,,,,,,,,,,,,,,,,,,,,,,,,,,,,,,,,,,,,,,,,,,,,,,,,,,,,,,,,,,,,,,,,,,,,,,,,,,,,,,,,,,,,,,,,,,,,,,,,,,,,,,,,,,,,,,,,,,,,,,,,,,,,,,,,,,,,,,,,,,,,,,,,,,,,
142,22,30,24,38,26,43,26,24,18,34,12,28,22,35,26,27,11,55,15,13,0,7,0,35,26,43.0,37.0,42.0,24.0,32.0,23.0,36.0,3.0,19.0,7.0,24.0,9.0,52.0,30.0,49.0,0.0,-4.0,-15.0,-11.0,-39.0,5.0,-23.0,-19.0,-41.0,-8.0,-24.0,-12.0,-40.0,-58.0,-83.0,-75.0,-113.0,-67.0,-141.0,-54.0,-112.0,-68.0,-241.0,-199.0,-260.0,-176.0,-382.0,-389.0,-456.0,-462.0,-472.0,-486.0,-475.0,-469.0,-512.0,-245.0,-241.0,-244.0,-237.0,-251.0,-294.0,-269.0,-296.0,-289.0,-262.0,-259.0,-288.0,-287.0,-298.0,-266.0,-249.0,-291.0,-274.0,-297.0,-417.0,-410.0,-436.0,-456.0,-457.0,-413.0,-467.0,-450.0,-456.0,-432.0,-504.0,-483.0,-486.0,-494.0,-514.0,-545.0,-570.0,-355.0,-424.0,-504.0,-617.0,-708.0,-798.0,-950.0,-952.0,-953.0,-1223.0,-1223.0,,,,,,,,,,,,,,,,,,,,,,,,,,,,,,,,,,,,,,,,,,,,,,,,,,,,,,,,,,,,,,,,,,,,,,,,,,,,,,,,,,,,,,,,,,,,,,,,,,,,,,,,,,,,,,,,,,
143,15,50,19,68,24,34,8,43,39,42,49,49,23,36,22,31,18,32,19,43,30,30,34,49,60,95.0,53.0,45.0,-15.0,46.0,-30.0,5.0,19.0,35.0,-7.0,35.0,0.0,12.0,0.0,8.0,4.0,138.0,11.0,35.0,31.0,25.0,20.0,20.0,6.0,31.0,22.0,225.0,221.0,283.0,218.0,386.0,347.0,355.0,119.0,167.0,110.0,113.0,100.0,89.0,121.0,137.0,124.0,135.0,128.0,164.0,162.0,294.0,274.0,286.0,207.0,275.0,276.0,956.0,1064.0,1196.0,1224.0,,,,,,,,,,,,,,,,,,,,,,,,,,,,,,,,,,,,,,,,,,,,,,,,,,,,,,,,,,,,,,,,,,,,,,,,,,,,,,,,,,,,,,,,,,,,,,,,,,,,,,,,,,,,,,,,,,,,,,,,,,,,,,,,,,,,,,,,,,,,,,,,,,,,,,,,,,,
144,28,67,37,49,16,20,14,25,7,20,17,24,21,33,26,32,16,29,24,10,14,27,4,16,5,,,,,,,,,,,,,,,,,,,,,,,,,,,,,,,,,,,,,,,,,,,,,,,,,,,,,,,,,,,,,,,,,,,,,,,,,,,,,,,,,,,,,,,,,,,,,,,,,,,,,,,,,,,,,,,,,,,,,,,,,,,,,,,,,,,,,,,,,,,,,,,,,,,,,,,,,,,,,,,,,,,,,,,,,,,,,,,,,,,,,,,,,,,,,,,,,,,,,,,,,,,,,,,,,,,
145,29,40,34,38,26,60,42,53,48,47,40,49,45,37,28,45,29,40,34,30,18,21,10,10,15,34.0,20.0,26.0,7.0,1.0,0.0,1.0,-7.0,-16.0,-10.0,-9.0,0.0,-4.0,-12.0,6.0,,,,,,,,,,,,,,,,,,,,,,,,,,,,,,,,,,,,,,,,,,,,,,,,,,,,,,,,,,,,,,,,,,,,,,,,,,,,,,,,,,,,,,,,,,,,,,,,,,,,,,,,,,,,,,,,,,,,,,,,,,,,,,,,,,,,,,,,,,,,,,,,,,,,,,,,,,,,,,,,,,,,,,,,,,,,,,,,,,,,,,,,,,,,,,,,,,,,
146,23,27,19,30,20,26,25,23,22,46,21,49,39,81,60,55,40,79,73,125,57,114,59,114,110,99.0,109.0,82.0,45.0,106.0,74.0,70.0,,,,,,,,,,,,,,,,,,,,,,,,,,,,,,,,,,,,,,,,,,,,,,,,,,,,,,,,,,,,,,,,,,,,,,,,,,,,,,,,,,,,,,,,,,,,,,,,,,,,,,,,,,,,,,,,,,,,,,,,,,,,,,,,,,,,,,,,,,,,,,,,,,,,,,,,,,,,,,,,,,,,,,,,,,,,,,,,,,,,,,,,,,,,,,,,,,,,,,,,,,,,
147,28,33,28,32,26,30,21,24,15,31,0,23,10,33,24,31,20,33,13,28,-7,4,12,41,17,45.0,11.0,51.0,36.0,27.0,14.0,0.0,-65.0,-31.0,-49.0,-43.0,-55.0,-40.0,-52.0,22.0,27.0,60.0,-27.0,-33.0,-39.0,-27.0,-15.0,-34.0,-40.0,-46.0,-21.0,0.0,-37.0,-19.0,-62.0,-36.0,-50.0,-14.0,-25.0,18.0,12.0,40.0,38.0,33.0,18.0,26.0,10.0,82.0,50.0,58.0,-50.0,-46.0,-57.0,-1.0,-6.0,-1.0,0.0,0.0,0.0,-2.0,0.0,0.0,0.0,,,,,,,,,,,,,,,,,,,,,,,,,,,,,,,,,,,,,,,,,,,,,,,,,,,,,,,,,,,,,,,,,,,,,,,,,,,,,,,,,,,,,,,,,,,,,,,,,,,,,,,,,,,,,,,,,,,,,,,,,,,,,,,,,,,,,,,,,,,,,,,,,,,,,,,,,
148,28,30,14,52,25,50,40,42,33,47,39,37,25,42,23,55,46,44,63,84,65,73,71,81,47,84.0,64.0,74.0,61.0,72.0,56.0,52.0,57.0,57.0,12.0,28.0,0.0,,,,,,,,,,,,,,,,,,,,,,,,,,,,,,,,,,,,,,,,,,,,,,,,,,,,,,,,,,,,,,,,,,,,,,,,,,,,,,,,,,,,,,,,,,,,,,,,,,,,,,,,,,,,,,,,,,,,,,,,,,,,,,,,,,,,,,,,,,,,,,,,,,,,,,,,,,,,,,,,,,,,,,,,,,,,,,,,,,,,,,,,,,,,,,,,,,,,,,,
149,33,28,33,35,24,39,27,4,0,30,12,25,-21,-34,-20,-25,-42,-38,-37,-4,-7,12,-11,7,-15,-12.0,-8.0,21.0,5.0,2.0,0.0,19.0,0.0,0.0,-83.0,-74.0,-75.0,-58.0,-191.0,-143.0,-146.0,-130.0,-140.0,-114.0,-113.0,-74.0,-129.0,-136.0,-111.0,-87.0,-232.0,-85.0,-276.0,-252.0,-421.0,-437.0,-472.0,-517.0,-484.0,-471.0,-484.0,-494.0,-749.0,-721.0,-771.0,-788.0,-781.0,-791.0,-796.0,-794.0,,,,,,,,,,,,,,,,,,,,,,,,,,,,,,,,,,,,,,,,,,,,,,,,,,,,,,,,,,,,,,,,,,,,,,,,,,,,,,,,,,,,,,,,,,,,,,,,,,,,,,,,,,,,,,,,,,,,,,,,,,,,,,,,,,,,,,,,,,,,,,,,,,,,,,,,,,,,,,,,,,,,,,
