,0,1,2,3,4,5,6,7,8,9,10,11,12,13,14,15,16,17,18,19,20,21,22,23,24,25,26,27,28,29,30,31,32,33,34,35,36,37,38,39,40,41,42,43,44,45,46,47,48,49,50,51,52,53,54,55,56,57,58,59,60,61,62,63,64,65,66,67,68,69,70,71,72,73,74,75,76,77,78,79,80,81,82,83,84,85,86,87,88,89,90,91,92,93,94,95,96,97,98,99,100,101,102,103,104,105,106,107,108,109,110,111,112,113,114,115,116,117,118,119,120,121,122,123,124,125,126,127,128,129,130,131,132,133,134,135,136,137,138,139,140,141,142,143,144,145,146,147,148,149,150,151,152,153,154,155,156,157,158,159,160,161,162,163,164,165,166,167,168,169,170,171,172,173,174,175,176,177,178,179,180,181,182,183,184,185,186,187,188,189,190,191,192,193,194,195,196,197,198,199,200,201,202,203,204,205,206,207,208,209,210,211,212,213,214,215,216,217,218,219,220,221,222,223,224,225,226,227,228,229,230,231,232,233,234,235,236,237,238,239,240,241,242,243,244,245,246,247,248,249,250,251,252,253,254,255,256,257,258,259,260,261,262,263,264,265,266,267,268,269,270
0,43,36,34,24,25,50,44,45,36,50,36,36,28,27,-15,4,-21,-8,-4,2.0,0.0,23.0,-71.0,-37.0,-105.0,-116.0,-207.0,-116.0,-145.0,-130.0,-133.0,-116.0,-128.0,-98.0,-49.0,-94.0,-81.0,-2.0,0.0,0.0,0.0,0.0,0.0,36.0,-76.0,0.0,-34.0,-13.0,-17.0,-23.0,-23.0,-20.0,-51.0,-40.0,-55.0,-4.0,-58.0,-42.0,-52.0,-42.0,-37.0,-64.0,-70.0,-64.0,-74.0,-51.0,-69.0,-35.0,-40.0,-8.0,-107.0,-158.0,-182.0,-188.0,-254.0,-282.0,-299.0,-315.0,-312.0,-305.0,-252.0,-220.0,-222.0,-269.0,-273.0,-247.0,-278.0,-259.0,-293.0,-232.0,-232.0,-279.0,-299.0,-303.0,-303.0,-304.0,-304.0,-299.0,-304.0,-305.0,-298.0,-282.0,-282.0,-295.0,-297.0,-297.0,-288.0,-305.0,-281.0,-294.0,-290.0,-309.0,-309.0,-310.0,-312.0,-278.0,-314.0,-291.0,-310.0,-313.0,-314.0,-304.0,-314.0,-310.0,-356.0,-356.0,-353.0,-312.0,-200.0,-190.0,-293.0,-383.0,-457.0,-553.0,-566.0,-714.0,-801.0,-807.0,-951.0,-1131.0,-1134.0,-1075.0,-1200.0,-1212.0,-1227.0,-1253.0,,,,,,,,,,,,,,,,,,,,,,,,,,,,,,,,,,,,,,,,,,,,,,,,,,,,,,,,,,,,,,,,,,,,,,,,,,,,,,,,,,,,,,,,,,,,,,,,,,,,,,,,,,,,,,,,,,,,,,,,,,,,,
1,24,46,49,52,42,49,35,36,10,11,8,20,10,24,24,33,22,36,28,23.0,18.0,24.0,24.0,29.0,53.0,50.0,22.0,66.0,25.0,18.0,10.0,0.0,12.0,40.0,-19.0,-17.0,-41.0,0.0,-13.0,-17.0,-12.0,0.0,-73.0,-21.0,-13.0,-2.0,-81.0,-75.0,-85.0,-63.0,-68.0,-58.0,-99.0,-70.0,-111.0,13.0,-45.0,-7.0,2.0,-16.0,-28.0,-19.0,-25.0,-30.0,-40.0,-38.0,-34.0,-27.0,-35.0,0.0,0.0,12.0,0.0,0.0,0.0,0.0,0.0,0.0,0.0,0.0,,,,,,,,,,,,,,,,,,,,,,,,,,,,,,,,,,,,,,,,,,,,,,,,,,,,,,,,,,,,,,,,,,,,,,,,,,,,,,,,,,,,,,,,,,,,,,,,,,,,,,,,,,,,,,,,,,,,,,,,,,,,,,,,,,,,,,,,,,,,,,,,,,,,,,,,,,,,,,,,,,,,,,,,,,,,,,,,,,,,,,,,,,,,,,,
2,20,39,11,39,29,55,41,59,50,52,42,68,43,52,19,28,34,37,6,31.0,18.0,34.0,20.0,17.0,-27.0,16.0,-48.0,35.0,26.0,48.0,-37.0,70.0,34.0,97.0,77.0,106.0,95.0,96.0,87.0,89.0,77.0,86.0,65.0,120.0,114.0,122.0,67.0,74.0,31.0,163.0,-45.0,-48.0,-61.0,-26.0,-108.0,-72.0,-28.0,-7.0,-34.0,-5.0,-19.0,-22.0,-18.0,-47.0,-55.0,0.0,0.0,0.0,0.0,0.0,0.0,0.0,0.0,0.0,0.0,0.0,0.0,0.0,0.0,,,,,,,,,,,,,,,,,,,,,,,,,,,,,,,,,,,,,,,,,,,,,,,,,,,,,,,,,,,,,,,,,,,,,,,,,,,,,,,,,,,,,,,,,,,,,,,,,,,,,,,,,,,,,,,,,,,,,,,,,,,,,,,,,,,,,,,,,,,,,,,,,,,,,,,,,,,,,,,,,,,,,,,,,,,,,,,,,,,,,,,,,,,,,,,,
3,31,50,44,56,45,47,59,59,47,42,59,55,42,41,39,41,42,50,46,22.0,33.0,42.0,51.0,64.0,2.0,16.0,15.0,14.0,18.0,30.0,38.0,39.0,5.0,48.0,7.0,25.0,9.0,32.0,21.0,29.0,27.0,37.0,68.0,54.0,26.0,37.0,6.0,104.0,70.0,57.0,94.0,91.0,32.0,162.0,53.0,142.0,191.0,178.0,185.0,116.0,0.0,-8.0,-11.0,-22.0,-1.0,0.0,-48.0,0.0,0.0,0.0,-4.0,0.0,0.0,0.0,0.0,0.0,-15.0,-17.0,-31.0,0.0,0.0,0.0,-17.0,-27.0,-37.0,-44.0,-44.0,-38.0,-48.0,-21.0,-27.0,-30.0,-48.0,-31.0,-25.0,-15.0,-25.0,-19.0,-3.0,-27.0,-3.0,-7.0,-26.0,-16.0,-11.0,-15.0,-11.0,-27.0,-32.0,-23.0,,,,,,,,,,,,,,,,,,,,,,,,,,,,,,,,,,,,,,,,,,,,,,,,,,,,,,,,,,,,,,,,,,,,,,,,,,,,,,,,,,,,,,,,,,,,,,,,,,,,,,,,,,,,,,,,,,,,,,,,,,,,,,,,,,,,,,,,,,,,,,,,,,,,,,,,,,,,,,,,,
4,31,43,51,60,62,59,57,59,47,58,53,49,34,56,50,58,35,37,20,31.0,38.0,37.0,33.0,26.0,30.0,24.0,32.0,59.0,77.0,59.0,44.0,59.0,43.0,89.0,95.0,106.0,83.0,92.0,85.0,88.0,85.0,100.0,90.0,89.0,40.0,66.0,0.0,45.0,0.0,25.0,22.0,56.0,48.0,50.0,5.0,21.0,14.0,84.0,75.0,105.0,74.0,75.0,82.0,238.0,230.0,226.0,276.0,232.0,281.0,269.0,281.0,287.0,281.0,276.0,314.0,310.0,353.0,291.0,294.0,298.0,326.0,362.0,297.0,237.0,339.0,,,,,,,,,,,,,,,,,,,,,,,,,,,,,,,,,,,,,,,,,,,,,,,,,,,,,,,,,,,,,,,,,,,,,,,,,,,,,,,,,,,,,,,,,,,,,,,,,,,,,,,,,,,,,,,,,,,,,,,,,,,,,,,,,,,,,,,,,,,,,,,,,,,,,,,,,,,,,,,,,,,,,,,,,,,,,,,,,,,,,,,,,,
5,23,46,9,26,5,35,-2,49,20,53,24,44,35,31,15,11,17,25,46,52.0,23.0,37.0,30.0,38.0,55.0,64.0,35.0,62.0,36.0,64.0,22.0,28.0,35.0,27.0,12.0,31.0,37.0,10.0,36.0,17.0,34.0,61.0,45.0,57.0,50.0,77.0,65.0,68.0,73.0,66.0,21.0,59.0,47.0,66.0,59.0,117.0,70.0,105.0,111.0,168.0,184.0,419.0,251.0,304.0,231.0,313.0,310.0,326.0,302.0,271.0,285.0,277.0,266.0,298.0,293.0,328.0,309.0,307.0,313.0,,,,,,,,,,,,,,,,,,,,,,,,,,,,,,,,,,,,,,,,,,,,,,,,,,,,,,,,,,,,,,,,,,,,,,,,,,,,,,,,,,,,,,,,,,,,,,,,,,,,,,,,,,,,,,,,,,,,,,,,,,,,,,,,,,,,,,,,,,,,,,,,,,,,,,,,,,,,,,,,,,,,,,,,,,,,,,,,,,,,,,,,,,,,,,,,
6,33,43,40,32,30,55,43,41,25,60,56,62,38,62,62,67,67,80,59,79.0,70.0,101.0,23.0,45.0,45.0,56.0,40.0,70.0,62.0,71.0,57.0,45.0,65.0,74.0,50.0,82.0,84.0,118.0,100.0,167.0,158.0,157.0,136.0,199.0,134.0,134.0,124.0,136.0,141.0,148.0,147.0,163.0,163.0,160.0,180.0,189.0,202.0,136.0,100.0,132.0,169.0,177.0,143.0,203.0,168.0,198.0,222.0,241.0,166.0,242.0,251.0,427.0,441.0,438.0,560.0,599.0,585.0,625.0,623.0,848.0,999.0,1019.0,1131.0,,,,,,,,,,,,,,,,,,,,,,,,,,,,,,,,,,,,,,,,,,,,,,,,,,,,,,,,,,,,,,,,,,,,,,,,,,,,,,,,,,,,,,,,,,,,,,,,,,,,,,,,,,,,,,,,,,,,,,,,,,,,,,,,,,,,,,,,,,,,,,,,,,,,,,,,,,,,,,,,,,,,,,,,,,,,,,,,,,,,,,,,,,,,
7,28,28,21,54,22,43,21,31,26,56,43,61,50,61,27,67,35,83,50,52.0,48.0,55.0,32.0,108.0,87.0,93.0,80.0,54.0,37.0,46.0,12.0,16.0,12.0,112.0,98.0,70.0,45.0,80.0,4.0,0.0,0.0,74.0,84.0,118.0,139.0,146.0,124.0,153.0,151.0,142.0,116.0,134.0,118.0,153.0,130.0,118.0,111.0,209.0,112.0,113.0,94.0,113.0,102.0,98.0,-69.0,149.0,-36.0,37.0,35.0,54.0,10.0,13.0,3.0,91.0,86.0,805.0,817.0,,,,,,,,,,,,,,,,,,,,,,,,,,,,,,,,,,,,,,,,,,,,,,,,,,,,,,,,,,,,,,,,,,,,,,,,,,,,,,,,,,,,,,,,,,,,,,,,,,,,,,,,,,,,,,,,,,,,,,,,,,,,,,,,,,,,,,,,,,,,,,,,,,,,,,,,,,,,,,,,,,,,,,,,,,,,,,,,,,,,,,,,,,,,,,,,,,
8,24,26,35,39,29,27,21,47,27,45,12,31,29,48,-14,-3,-12,-11,-18,3.0,5.0,15.0,-13.0,-2.0,-25.0,8.0,-32.0,-18.0,-33.0,-22.0,-29.0,0.0,-19.0,-16.0,-46.0,-19.0,-101.0,0.0,0.0,0.0,0.0,0.0,0.0,0.0,0.0,0.0,0.0,0.0,0.0,,,,,,,,,,,,,,,,,,,,,,,,,,,,,,,,,,,,,,,,,,,,,,,,,,,,,,,,,,,,,,,,,,,,,,,,,,,,,,,,,,,,,,,,,,,,,,,,,,,,,,,,,,,,,,,,,,,,,,,,,,,,,,,,,,,,,,,,,,,,,,,,,,,,,,,,,,,,,,,,,,,,,,,,,,,,,,,,,,,,,,,,,,,,,,,,,,,,,,,,,,,,,,,,,,,,,,,,,,,,,,
9,25,57,49,65,47,54,68,57,56,76,47,69,42,46,33,62,64,68,62,38.0,43.0,39.0,48.0,96.0,75.0,43.0,43.0,49.0,32.0,48.0,27.0,63.0,34.0,35.0,59.0,80.0,44.0,37.0,-16.0,0.0,-42.0,-45.0,-53.0,-29.0,-47.0,-43.0,-16.0,0.0,-15.0,0.0,0.0,-12.0,-24.0,-16.0,-40.0,-12.0,-14.0,-19.0,-47.0,0.0,-10.0,0.0,,,,,,,,,,,,,,,,,,,,,,,,,,,,,,,,,,,,,,,,,,,,,,,,,,,,,,,,,,,,,,,,,,,,,,,,,,,,,,,,,,,,,,,,,,,,,,,,,,,,,,,,,,,,,,,,,,,,,,,,,,,,,,,,,,,,,,,,,,,,,,,,,,,,,,,,,,,,,,,,,,,,,,,,,,,,,,,,,,,,,,,,,,,,,,,,,,,,,,,,,,,,,,,,,
10,17,32,22,50,38,38,31,44,32,48,18,6,-9,11,15,30,1,11,9,-7.0,-18.0,-3.0,-66.0,-69.0,-67.0,-58.0,-58.0,-17.0,-50.0,-29.0,-20.0,-29.0,-25.0,-31.0,-44.0,-14.0,-32.0,-8.0,-14.0,-12.0,-17.0,-11.0,-228.0,-232.0,-203.0,-175.0,-214.0,-243.0,-234.0,-187.0,-231.0,-114.0,-136.0,-194.0,-290.0,-317.0,-523.0,-515.0,-1159.0,-2262.0,,,,,,,,,,,,,,,,,,,,,,,,,,,,,,,,,,,,,,,,,,,,,,,,,,,,,,,,,,,,,,,,,,,,,,,,,,,,,,,,,,,,,,,,,,,,,,,,,,,,,,,,,,,,,,,,,,,,,,,,,,,,,,,,,,,,,,,,,,,,,,,,,,,,,,,,,,,,,,,,,,,,,,,,,,,,,,,,,,,,,,,,,,,,,,,,,,,,,,,,,,,,,,,,,,,
11,13,56,31,24,25,41,17,11,4,0,2,-8,-6,-4,-4,-1,0,8,-29,-14.0,-8.0,-20.0,-14.0,-41.0,-42.0,-38.0,-68.0,0.0,0.0,0.0,0.0,0.0,0.0,0.0,0.0,0.0,0.0,0.0,0.0,0.0,0.0,0.0,0.0,0.0,0.0,0.0,0.0,0.0,0.0,,,,,,,,,,,,,,,,,,,,,,,,,,,,,,,,,,,,,,,,,,,,,,,,,,,,,,,,,,,,,,,,,,,,,,,,,,,,,,,,,,,,,,,,,,,,,,,,,,,,,,,,,,,,,,,,,,,,,,,,,,,,,,,,,,,,,,,,,,,,,,,,,,,,,,,,,,,,,,,,,,,,,,,,,,,,,,,,,,,,,,,,,,,,,,,,,,,,,,,,,,,,,,,,,,,,,,,,,,,,,,
12,34,42,33,40,25,28,17,35,22,29,20,44,28,36,32,32,44,44,44,64.0,28.0,42.0,24.0,41.0,36.0,41.0,30.0,33.0,-3.0,2.0,0.0,-4.0,-14.0,8.0,-36.0,-11.0,-136.0,-147.0,-197.0,-190.0,-254.0,-223.0,-247.0,-228.0,-257.0,-215.0,-237.0,-239.0,-238.0,-232.0,-225.0,-231.0,-245.0,-185.0,-202.0,-194.0,-331.0,-255.0,-333.0,-329.0,-496.0,-365.0,-321.0,-376.0,-393.0,-378.0,-310.0,-299.0,-359.0,-353.0,-419.0,-393.0,-448.0,-493.0,-519.0,-254.0,-293.0,-221.0,-305.0,-319.0,-384.0,-387.0,-346.0,-343.0,-519.0,-471.0,-661.0,-747.0,-869.0,-863.0,-883.0,-791.0,,,,,,,,,,,,,,,,,,,,,,,,,,,,,,,,,,,,,,,,,,,,,,,,,,,,,,,,,,,,,,,,,,,,,,,,,,,,,,,,,,,,,,,,,,,,,,,,,,,,,,,,,,,,,,,,,,,,,,,,,,,,,,,,,,,,,,,,,,,,,,,,,,,,,,,,,,,,,,,,,,,,,,,,,,,,,,,,,,,
13,20,42,38,54,29,34,-15,-6,-3,12,58,64,22,36,37,34,28,44,37,50.0,40.0,56.0,52.0,54.0,31.0,53.0,8.0,36.0,-21.0,12.0,0.0,25.0,38.0,15.0,43.0,118.0,150.0,188.0,115.0,195.0,176.0,189.0,231.0,218.0,247.0,234.0,252.0,312.0,345.0,305.0,319.0,344.0,318.0,327.0,336.0,374.0,365.0,351.0,377.0,657.0,685.0,874.0,881.0,,,,,,,,,,,,,,,,,,,,,,,,,,,,,,,,,,,,,,,,,,,,,,,,,,,,,,,,,,,,,,,,,,,,,,,,,,,,,,,,,,,,,,,,,,,,,,,,,,,,,,,,,,,,,,,,,,,,,,,,,,,,,,,,,,,,,,,,,,,,,,,,,,,,,,,,,,,,,,,,,,,,,,,,,,,,,,,,,,,,,,,,,,,,,,,,,,,,,,,,,,,,,,,,
14,25,49,37,49,5,26,0,9,-1,-2,5,7,15,33,1,19,23,16,21,58.0,35.0,60.0,51.0,62.0,12.0,48.0,8.0,42.0,12.0,20.0,23.0,17.0,-6.0,0.0,0.0,-39.0,-12.0,-3.0,-10.0,-16.0,-5.0,0.0,-14.0,-9.0,-25.0,-39.0,-40.0,-22.0,-41.0,-26.0,-29.0,-25.0,-32.0,-16.0,-31.0,-15.0,-25.0,-17.0,-18.0,-23.0,-15.0,-22.0,-16.0,-7.0,-7.0,-11.0,-21.0,-18.0,-30.0,-33.0,-40.0,-22.0,-51.0,-47.0,-27.0,-33.0,-49.0,-59.0,-64.0,-20.0,-22.0,0.0,-22.0,-26.0,-25.0,-23.0,-35.0,-21.0,-30.0,-21.0,-20.0,-21.0,-32.0,-11.0,-10.0,-10.0,-6.0,-3.0,-10.0,-2.0,0.0,,,,,,,,,,,,,,,,,,,,,,,,,,,,,,,,,,,,,,,,,,,,,,,,,,,,,,,,,,,,,,,,,,,,,,,,,,,,,,,,,,,,,,,,,,,,,,,,,,,,,,,,,,,,,,,,,,,,,,,,,,,,,,,,,,,,,,,,,,,,,,,,,,,,,,,,,,,,,,,,,,,,,,,,,,
15,24,39,32,48,37,58,56,61,55,49,51,53,5,13,10,40,28,46,29,31.0,25.0,22.0,29.0,45.0,31.0,27.0,8.0,23.0,10.0,27.0,-5.0,-7.0,-27.0,16.0,-9.0,14.0,0.0,70.0,22.0,157.0,75.0,187.0,108.0,187.0,558.0,672.0,666.0,736.0,673.0,675.0,691.0,713.0,568.0,650.0,625.0,685.0,715.0,723.0,751.0,728.0,552.0,579.0,572.0,660.0,674.0,667.0,660.0,657.0,661.0,678.0,684.0,691.0,684.0,704.0,689.0,731.0,733.0,765.0,781.0,,,,,,,,,,,,,,,,,,,,,,,,,,,,,,,,,,,,,,,,,,,,,,,,,,,,,,,,,,,,,,,,,,,,,,,,,,,,,,,,,,,,,,,,,,,,,,,,,,,,,,,,,,,,,,,,,,,,,,,,,,,,,,,,,,,,,,,,,,,,,,,,,,,,,,,,,,,,,,,,,,,,,,,,,,,,,,,,,,,,,,,,,,,,,,,,
16,28,46,25,56,62,62,67,67,58,62,61,76,50,48,51,49,49,52,43,42.0,58.0,60.0,50.0,53.0,39.0,47.0,43.0,48.0,27.0,36.0,26.0,26.0,11.0,25.0,12.0,22.0,37.0,0.0,-46.0,15.0,2.0,48.0,0.0,0.0,0.0,39.0,70.0,92.0,68.0,112.0,116.0,85.0,75.0,71.0,30.0,33.0,40.0,51.0,38.0,41.0,48.0,32.0,41.0,44.0,15.0,15.0,12.0,14.0,2.0,194.0,153.0,188.0,245.0,330.0,280.0,275.0,330.0,362.0,210.0,471.0,409.0,466.0,465.0,563.0,592.0,600.0,607.0,600.0,664.0,750.0,759.0,745.0,748.0,752.0,761.0,745.0,744.0,744.0,744.0,753.0,752.0,,,,,,,,,,,,,,,,,,,,,,,,,,,,,,,,,,,,,,,,,,,,,,,,,,,,,,,,,,,,,,,,,,,,,,,,,,,,,,,,,,,,,,,,,,,,,,,,,,,,,,,,,,,,,,,,,,,,,,,,,,,,,,,,,,,,,,,,,,,,,,,,,,,,,,,,,,,,,,,,,,,,,,,,,,
17,6,39,37,45,58,50,38,65,34,60,29,76,41,52,50,83,0,57,0,,,,,,,,,,,,,,,,,,,,,,,,,,,,,,,,,,,,,,,,,,,,,,,,,,,,,,,,,,,,,,,,,,,,,,,,,,,,,,,,,,,,,,,,,,,,,,,,,,,,,,,,,,,,,,,,,,,,,,,,,,,,,,,,,,,,,,,,,,,,,,,,,,,,,,,,,,,,,,,,,,,,,,,,,,,,,,,,,,,,,,,,,,,,,,,,,,,,,,,,,,,,,,,,,,,,,,,,,,,,,,,,,,,,,,,,,,,,,,,,,,,,,,,,,,,,
18,33,25,26,58,32,23,29,46,49,50,23,27,45,50,48,24,31,30,17,33.0,19.0,13.0,38.0,50.0,26.0,38.0,16.0,16.0,-7.0,-21.0,-38.0,7.0,-4.0,0.0,18.0,12.0,15.0,54.0,20.0,31.0,31.0,22.0,0.0,30.0,22.0,20.0,3.0,19.0,6.0,10.0,12.0,7.0,20.0,26.0,0.0,,,,,,,,,,,,,,,,,,,,,,,,,,,,,,,,,,,,,,,,,,,,,,,,,,,,,,,,,,,,,,,,,,,,,,,,,,,,,,,,,,,,,,,,,,,,,,,,,,,,,,,,,,,,,,,,,,,,,,,,,,,,,,,,,,,,,,,,,,,,,,,,,,,,,,,,,,,,,,,,,,,,,,,,,,,,,,,,,,,,,,,,,,,,,,,,,,,,,,,,,,,,,,,,,,,,,,,,
19,26,38,38,60,62,43,31,32,27,34,40,37,27,50,39,27,28,31,46,34.0,26.0,29.0,25.0,33.0,22.0,53.0,21.0,35.0,25.0,44.0,32.0,43.0,70.0,60.0,35.0,37.0,29.0,57.0,50.0,40.0,-5.0,0.0,-15.0,-7.0,4.0,36.0,0.0,0.0,0.0,0.0,-17.0,0.0,0.0,0.0,0.0,-6.0,-9.0,-2.0,0.0,0.0,0.0,0.0,0.0,0.0,0.0,0.0,0.0,0.0,0.0,0.0,0.0,0.0,0.0,0.0,0.0,0.0,0.0,0.0,0.0,0.0,,,,,,,,,,,,,,,,,,,,,,,,,,,,,,,,,,,,,,,,,,,,,,,,,,,,,,,,,,,,,,,,,,,,,,,,,,,,,,,,,,,,,,,,,,,,,,,,,,,,,,,,,,,,,,,,,,,,,,,,,,,,,,,,,,,,,,,,,,,,,,,,,,,,,,,,,,,,,,,,,,,,,,,,,,,,,,,,,,,,,,,,,,,,,,,
20,14,40,7,51,31,41,27,30,6,37,45,35,35,57,25,77,83,87,47,106.0,89.0,123.0,87.0,120.0,132.0,169.0,125.0,138.0,130.0,256.0,243.0,260.0,257.0,243.0,238.0,364.0,351.0,349.0,395.0,376.0,463.0,511.0,508.0,510.0,374.0,446.0,468.0,399.0,377.0,382.0,444.0,462.0,426.0,458.0,485.0,466.0,474.0,495.0,547.0,555.0,570.0,,,,,,,,,,,,,,,,,,,,,,,,,,,,,,,,,,,,,,,,,,,,,,,,,,,,,,,,,,,,,,,,,,,,,,,,,,,,,,,,,,,,,,,,,,,,,,,,,,,,,,,,,,,,,,,,,,,,,,,,,,,,,,,,,,,,,,,,,,,,,,,,,,,,,,,,,,,,,,,,,,,,,,,,,,,,,,,,,,,,,,,,,,,,,,,,,,,,,,,,,,,,,,,,,,
21,18,35,27,46,9,12,14,18,15,8,20,21,23,27,23,25,19,31,8,37.0,-12.0,25.0,-2.0,20.0,8.0,0.0,0.0,-1.0,-18.0,0.0,-20.0,1.0,-6.0,1.0,-4.0,-3.0,-6.0,1.0,0.0,8.0,11.0,4.0,9.0,5.0,4.0,20.0,33.0,21.0,21.0,22.0,25.0,40.0,28.0,26.0,19.0,47.0,24.0,29.0,31.0,27.0,29.0,23.0,25.0,11.0,7.0,7.0,5.0,9.0,4.0,1.0,0.0,0.0,0.0,0.0,0.0,0.0,0.0,0.0,0.0,0.0,0.0,,,,,,,,,,,,,,,,,,,,,,,,,,,,,,,,,,,,,,,,,,,,,,,,,,,,,,,,,,,,,,,,,,,,,,,,,,,,,,,,,,,,,,,,,,,,,,,,,,,,,,,,,,,,,,,,,,,,,,,,,,,,,,,,,,,,,,,,,,,,,,,,,,,,,,,,,,,,,,,,,,,,,,,,,,,,,,,,,,,,,,,,,,,,,,
22,24,54,49,61,64,52,49,65,19,20,8,20,20,12,12,24,20,44,33,37.0,7.0,29.0,41.0,50.0,14.0,28.0,12.0,35.0,11.0,12.0,22.0,47.0,24.0,22.0,20.0,19.0,15.0,33.0,15.0,12.0,-22.0,2.0,-15.0,0.0,-22.0,8.0,0.0,0.0,-10.0,0.0,-11.0,-5.0,-13.0,-2.0,0.0,0.0,0.0,9.0,-7.0,0.0,-14.0,-7.0,-10.0,-23.0,-35.0,-28.0,-68.0,-43.0,-29.0,-35.0,-60.0,-12.0,-25.0,-25.0,-37.0,-29.0,-90.0,-84.0,-145.0,-133.0,-155.0,-95.0,-112.0,-93.0,-158.0,-131.0,-146.0,-84.0,-98.0,-71.0,-87.0,-44.0,-93.0,-34.0,-25.0,-25.0,-45.0,-15.0,-22.0,-13.0,-17.0,-21.0,-45.0,-53.0,-60.0,0.0,-93.0,-155.0,-172.0,-183.0,-136.0,-139.0,-153.0,-99.0,-92.0,-96.0,-169.0,-157.0,,,,,,,,,,,,,,,,,,,,,,,,,,,,,,,,,,,,,,,,,,,,,,,,,,,,,,,,,,,,,,,,,,,,,,,,,,,,,,,,,,,,,,,,,,,,,,,,,,,,,,,,,,,,,,,,,,,,,,,,,,,,,,,,,,,,,,,,,,,,,,,,,,,,,,,,,
23,24,41,10,42,26,60,41,62,57,51,59,83,50,59,50,48,68,56,51,91.0,55.0,115.0,101.0,140.0,70.0,182.0,115.0,116.0,75.0,124.0,87.0,103.0,100.0,139.0,98.0,133.0,121.0,138.0,128.0,137.0,100.0,106.0,25.0,52.0,53.0,63.0,57.0,77.0,55.0,73.0,57.0,86.0,44.0,48.0,31.0,70.0,42.0,70.0,70.0,68.0,61.0,71.0,63.0,67.0,53.0,59.0,62.0,51.0,50.0,57.0,61.0,54.0,17.0,38.0,45.0,48.0,37.0,36.0,32.0,45.0,36.0,35.0,36.0,,,,,,,,,,,,,,,,,,,,,,,,,,,,,,,,,,,,,,,,,,,,,,,,,,,,,,,,,,,,,,,,,,,,,,,,,,,,,,,,,,,,,,,,,,,,,,,,,,,,,,,,,,,,,,,,,,,,,,,,,,,,,,,,,,,,,,,,,,,,,,,,,,,,,,,,,,,,,,,,,,,,,,,,,,,,,,,,,,,,,,,,,,,,
24,29,39,26,31,0,39,17,26,17,23,15,15,22,37,23,49,45,58,40,75.0,38.0,75.0,82.0,56.0,10.0,48.0,20.0,106.0,83.0,91.0,65.0,56.0,55.0,75.0,124.0,260.0,262.0,241.0,285.0,281.0,245.0,240.0,281.0,287.0,304.0,279.0,202.0,326.0,358.0,483.0,490.0,489.0,501.0,527.0,516.0,487.0,509.0,516.0,507.0,537.0,499.0,511.0,522.0,555.0,525.0,651.0,671.0,685.0,685.0,,,,,,,,,,,,,,,,,,,,,,,,,,,,,,,,,,,,,,,,,,,,,,,,,,,,,,,,,,,,,,,,,,,,,,,,,,,,,,,,,,,,,,,,,,,,,,,,,,,,,,,,,,,,,,,,,,,,,,,,,,,,,,,,,,,,,,,,,,,,,,,,,,,,,,,,,,,,,,,,,,,,,,,,,,,,,,,,,,,,,,,,,,,,,,,,,,,,,,,,,,
25,20,45,28,45,49,55,47,57,37,33,49,56,53,104,50,39,35,48,25,54.0,32.0,49.0,69.0,74.0,26.0,34.0,38.0,33.0,0.0,42.0,31.0,120.0,95.0,120.0,64.0,112.0,127.0,184.0,23.0,16.0,14.0,11.0,27.0,22.0,6.0,17.0,0.0,0.0,-9.0,0.0,-36.0,0.0,0.0,0.0,0.0,0.0,0.0,0.0,0.0,0.0,0.0,,,,,,,,,,,,,,,,,,,,,,,,,,,,,,,,,,,,,,,,,,,,,,,,,,,,,,,,,,,,,,,,,,,,,,,,,,,,,,,,,,,,,,,,,,,,,,,,,,,,,,,,,,,,,,,,,,,,,,,,,,,,,,,,,,,,,,,,,,,,,,,,,,,,,,,,,,,,,,,,,,,,,,,,,,,,,,,,,,,,,,,,,,,,,,,,,,,,,,,,,,,,,,,,,,
26,22,30,23,18,22,43,32,47,33,50,12,10,24,20,15,31,33,38,33,48.0,34.0,47.0,46.0,74.0,-6.0,0.0,0.0,-8.0,0.0,0.0,-11.0,-9.0,-32.0,-39.0,-57.0,-56.0,-98.0,-93.0,-87.0,0.0,0.0,0.0,0.0,1.0,0.0,0.0,-12.0,0.0,0.0,0.0,0.0,0.0,0.0,0.0,0.0,0.0,0.0,0.0,0.0,0.0,0.0,0.0,0.0,,,,,,,,,,,,,,,,,,,,,,,,,,,,,,,,,,,,,,,,,,,,,,,,,,,,,,,,,,,,,,,,,,,,,,,,,,,,,,,,,,,,,,,,,,,,,,,,,,,,,,,,,,,,,,,,,,,,,,,,,,,,,,,,,,,,,,,,,,,,,,,,,,,,,,,,,,,,,,,,,,,,,,,,,,,,,,,,,,,,,,,,,,,,,,,,,,,,,,,,,,,,,,,,
27,17,43,34,59,46,46,50,50,18,22,20,24,23,38,23,37,16,28,15,26.0,8.0,35.0,15.0,25.0,9.0,23.0,16.0,15.0,3.0,11.0,-16.0,-14.0,-6.0,14.0,-8.0,36.0,18.0,34.0,29.0,34.0,32.0,32.0,18.0,57.0,23.0,17.0,18.0,24.0,20.0,46.0,0.0,0.0,13.0,19.0,7.0,28.0,25.0,30.0,19.0,19.0,-7.0,0.0,0.0,0.0,0.0,0.0,0.0,0.0,0.0,0.0,0.0,0.0,0.0,0.0,0.0,0.0,0.0,,,,,,,,,,,,,,,,,,,,,,,,,,,,,,,,,,,,,,,,,,,,,,,,,,,,,,,,,,,,,,,,,,,,,,,,,,,,,,,,,,,,,,,,,,,,,,,,,,,,,,,,,,,,,,,,,,,,,,,,,,,,,,,,,,,,,,,,,,,,,,,,,,,,,,,,,,,,,,,,,,,,,,,,,,,,,,,,,,,,,,,,,,,,,,,,,,
28,29,60,33,49,47,51,52,44,19,13,17,28,22,28,28,29,31,33,28,30.0,5.0,41.0,30.0,22.0,18.0,66.0,16.0,37.0,24.0,93.0,10.0,65.0,37.0,154.0,164.0,220.0,192.0,210.0,156.0,157.0,128.0,148.0,225.0,258.0,225.0,254.0,237.0,171.0,159.0,179.0,162.0,152.0,156.0,259.0,183.0,213.0,196.0,331.0,314.0,283.0,285.0,287.0,312.0,323.0,317.0,306.0,325.0,395.0,375.0,378.0,363.0,373.0,403.0,,,,,,,,,,,,,,,,,,,,,,,,,,,,,,,,,,,,,,,,,,,,,,,,,,,,,,,,,,,,,,,,,,,,,,,,,,,,,,,,,,,,,,,,,,,,,,,,,,,,,,,,,,,,,,,,,,,,,,,,,,,,,,,,,,,,,,,,,,,,,,,,,,,,,,,,,,,,,,,,,,,,,,,,,,,,,,,,,,,,,,,,,,,,,,,,,,,,,,
29,18,35,27,24,-3,41,13,8,6,21,11,16,-19,13,-36,28,11,47,-2,8.0,0.0,43.0,0.0,-8.0,-11.0,-6.0,-15.0,-19.0,-24.0,7.0,-1.0,40.0,27.0,71.0,62.0,72.0,67.0,60.0,56.0,65.0,57.0,61.0,26.0,87.0,62.0,77.0,72.0,30.0,38.0,45.0,10.0,26.0,25.0,17.0,0.0,4.0,0.0,14.0,0.0,0.0,12.0,1.0,0.0,0.0,-8.0,-5.0,-24.0,-11.0,-11.0,-20.0,-14.0,,,,,,,,,,,,,,,,,,,,,,,,,,,,,,,,,,,,,,,,,,,,,,,,,,,,,,,,,,,,,,,,,,,,,,,,,,,,,,,,,,,,,,,,,,,,,,,,,,,,,,,,,,,,,,,,,,,,,,,,,,,,,,,,,,,,,,,,,,,,,,,,,,,,,,,,,,,,,,,,,,,,,,,,,,,,,,,,,,,,,,,,,,,,,,,,,,,,,,,,
30,30,61,31,48,31,32,27,38,22,43,23,30,29,42,22,15,40,26,9,36.0,-12.0,8.0,-11.0,-17.0,-30.0,-13.0,-37.0,-14.0,-16.0,-20.0,-28.0,-23.0,-23.0,-19.0,-15.0,-26.0,-27.0,3.0,-22.0,-6.0,-20.0,-10.0,-17.0,-8.0,0.0,0.0,0.0,0.0,0.0,0.0,0.0,-8.0,-22.0,0.0,-19.0,0.0,-15.0,,,,,,,,,,,,,,,,,,,,,,,,,,,,,,,,,,,,,,,,,,,,,,,,,,,,,,,,,,,,,,,,,,,,,,,,,,,,,,,,,,,,,,,,,,,,,,,,,,,,,,,,,,,,,,,,,,,,,,,,,,,,,,,,,,,,,,,,,,,,,,,,,,,,,,,,,,,,,,,,,,,,,,,,,,,,,,,,,,,,,,,,,,,,,,,,,,,,,,,,,,,,,,,,,,,,,,
31,10,61,38,43,5,24,6,9,13,39,30,38,27,27,14,28,16,26,16,21.0,-6.0,-4.0,-5.0,-2.0,0.0,12.0,10.0,0.0,-64.0,-2.0,-55.0,18.0,12.0,2.0,-47.0,6.0,3.0,0.0,-6.0,42.0,0.0,0.0,0.0,45.0,26.0,50.0,40.0,29.0,33.0,54.0,44.0,125.0,122.0,119.0,89.0,140.0,97.0,128.0,98.0,142.0,127.0,103.0,124.0,157.0,155.0,123.0,130.0,136.0,108.0,133.0,118.0,180.0,150.0,193.0,172.0,284.0,225.0,236.0,214.0,274.0,284.0,331.0,296.0,301.0,290.0,342.0,319.0,301.0,285.0,292.0,333.0,343.0,484.0,655.0,662.0,702.0,646.0,729.0,714.0,716.0,759.0,802.0,800.0,815.0,816.0,823.0,725.0,791.0,611.0,579.0,759.0,815.0,808.0,,,,,,,,,,,,,,,,,,,,,,,,,,,,,,,,,,,,,,,,,,,,,,,,,,,,,,,,,,,,,,,,,,,,,,,,,,,,,,,,,,,,,,,,,,,,,,,,,,,,,,,,,,,,,,,,,,,,,,,,,,,,,,,,,,,,,,,,,,,,,,,,,,,,,,,,,,,,,,
32,2,32,17,35,12,11,1,7,7,10,19,19,21,22,10,17,1,4,0,42.0,-8.0,0.0,5.0,4.0,14.0,18.0,25.0,30.0,-67.0,-55.0,-115.0,-67.0,-145.0,-159.0,-159.0,-11.0,-195.0,-194.0,-141.0,-146.0,-160.0,-160.0,-170.0,-116.0,-117.0,-113.0,-112.0,0.0,-316.0,-368.0,-375.0,-371.0,-446.0,-455.0,-481.0,-457.0,-553.0,-540.0,-666.0,-677.0,-845.0,-849.0,-859.0,-746.0,-820.0,-776.0,-1336.0,-1469.0,,,,,,,,,,,,,,,,,,,,,,,,,,,,,,,,,,,,,,,,,,,,,,,,,,,,,,,,,,,,,,,,,,,,,,,,,,,,,,,,,,,,,,,,,,,,,,,,,,,,,,,,,,,,,,,,,,,,,,,,,,,,,,,,,,,,,,,,,,,,,,,,,,,,,,,,,,,,,,,,,,,,,,,,,,,,,,,,,,,,,,,,,,,,,,,,,,,,,,,,,,,
33,30,37,41,50,29,37,23,31,13,26,27,32,34,31,23,21,26,29,23,31.0,2.0,13.0,17.0,20.0,3.0,22.0,0.0,0.0,-34.0,-24.0,-14.0,-9.0,-13.0,-11.0,-6.0,0.0,,,,,,,,,,,,,,,,,,,,,,,,,,,,,,,,,,,,,,,,,,,,,,,,,,,,,,,,,,,,,,,,,,,,,,,,,,,,,,,,,,,,,,,,,,,,,,,,,,,,,,,,,,,,,,,,,,,,,,,,,,,,,,,,,,,,,,,,,,,,,,,,,,,,,,,,,,,,,,,,,,,,,,,,,,,,,,,,,,,,,,,,,,,,,,,,,,,,,,,,,,,,,,,,,,,,,,,,,,,,,,,,,,,,,,,,,,,
34,18,50,33,42,37,32,23,31,5,25,-13,0,-1,0,-6,-9,-1,0,-22,-3.0,0.0,-1.0,-21.0,0.0,-1.0,9.0,0.0,10.0,0.0,33.0,20.0,40.0,56.0,54.0,49.0,62.0,38.0,51.0,29.0,31.0,36.0,28.0,24.0,55.0,31.0,34.0,30.0,38.0,19.0,23.0,18.0,16.0,0.0,0.0,0.0,27.0,-62.0,-38.0,-64.0,-66.0,-36.0,7.0,0.0,10.0,-51.0,,,,,,,,,,,,,,,,,,,,,,,,,,,,,,,,,,,,,,,,,,,,,,,,,,,,,,,,,,,,,,,,,,,,,,,,,,,,,,,,,,,,,,,,,,,,,,,,,,,,,,,,,,,,,,,,,,,,,,,,,,,,,,,,,,,,,,,,,,,,,,,,,,,,,,,,,,,,,,,,,,,,,,,,,,,,,,,,,,,,,,,,,,,,,,,,,,,,,,,,,,,,,,
35,30,48,38,43,48,54,46,51,33,62,46,63,61,73,24,22,35,71,35,52.0,35.0,53.0,0.0,0.0,0.0,6.0,34.0,25.0,12.0,31.0,34.0,34.0,-15.0,50.0,41.0,44.0,37.0,52.0,45.0,51.0,49.0,56.0,-23.0,-21.0,-23.0,-19.0,-12.0,-15.0,-38.0,-20.0,-29.0,-20.0,-29.0,-2.0,0.0,23.0,19.0,24.0,-14.0,-9.0,-23.0,-18.0,-13.0,-10.0,-44.0,-33.0,-27.0,-29.0,-27.0,-28.0,-41.0,-31.0,-56.0,-71.0,-82.0,-16.0,-21.0,0.0,-5.0,6.0,0.0,16.0,7.0,17.0,8.0,0.0,0.0,0.0,0.0,,,,,,,,,,,,,,,,,,,,,,,,,,,,,,,,,,,,,,,,,,,,,,,,,,,,,,,,,,,,,,,,,,,,,,,,,,,,,,,,,,,,,,,,,,,,,,,,,,,,,,,,,,,,,,,,,,,,,,,,,,,,,,,,,,,,,,,,,,,,,,,,,,,,,,,,,,,,,,,,,,,,,,,,,,,,,,,,,,,,,,
36,31,34,34,37,31,35,32,54,33,54,25,32,53,60,1,-16,-14,-16,-89,-64.0,-69.0,-40.0,-28.0,-13.0,-23.0,-36.0,-80.0,71.0,46.0,60.0,65.0,58.0,-50.0,-62.0,-75.0,-62.0,-59.0,-92.0,-109.0,-66.0,-77.0,-82.0,-87.0,-72.0,-102.0,-28.0,-86.0,-85.0,-53.0,-44.0,-118.0,-21.0,-29.0,-5.0,-4.0,0.0,-4.0,4.0,0.0,0.0,0.0,42.0,22.0,0.0,0.0,0.0,0.0,53.0,33.0,43.0,32.0,39.0,23.0,25.0,23.0,37.0,3.0,22.0,2.0,6.0,0.0,8.0,3.0,5.0,2.0,2.0,0.0,0.0,3.0,5.0,0.0,11.0,7.0,13.0,13.0,9.0,9.0,10.0,10.0,11.0,4.0,14.0,0.0,5.0,0.0,0.0,0.0,0.0,3.0,2.0,0.0,0.0,0.0,0.0,0.0,0.0,,,,,,,,,,,,,,,,,,,,,,,,,,,,,,,,,,,,,,,,,,,,,,,,,,,,,,,,,,,,,,,,,,,,,,,,,,,,,,,,,,,,,,,,,,,,,,,,,,,,,,,,,,,,,,,,,,,,,,,,,,,,,,,,,,,,,,,,,,,,,,,,,,,,,,,,,,,
37,17,45,48,55,39,36,50,52,31,81,64,70,66,75,40,48,49,47,45,35.0,38.0,39.0,32.0,36.0,23.0,31.0,37.0,56.0,50.0,37.0,42.0,54.0,34.0,62.0,61.0,50.0,47.0,49.0,26.0,59.0,11.0,21.0,-12.0,-2.0,0.0,0.0,-2.0,-7.0,-9.0,0.0,-7.0,-4.0,-6.0,0.0,-8.0,4.0,-4.0,26.0,0.0,0.0,0.0,0.0,0.0,0.0,0.0,0.0,0.0,0.0,0.0,0.0,0.0,0.0,0.0,0.0,0.0,0.0,0.0,0.0,0.0,0.0,0.0,,,,,,,,,,,,,,,,,,,,,,,,,,,,,,,,,,,,,,,,,,,,,,,,,,,,,,,,,,,,,,,,,,,,,,,,,,,,,,,,,,,,,,,,,,,,,,,,,,,,,,,,,,,,,,,,,,,,,,,,,,,,,,,,,,,,,,,,,,,,,,,,,,,,,,,,,,,,,,,,,,,,,,,,,,,,,,,,,,,,,,,,,,,,,,
38,25,37,37,74,71,75,61,43,62,86,55,73,55,49,59,53,52,68,64,43.0,58.0,53.0,67.0,67.0,38.0,43.0,22.0,20.0,0.0,14.0,25.0,20.0,24.0,19.0,0.0,-23.0,-74.0,-47.0,-21.0,0.0,0.0,0.0,0.0,0.0,0.0,0.0,24.0,35.0,0.0,12.0,0.0,50.0,30.0,25.0,17.0,16.0,18.0,10.0,7.0,0.0,0.0,21.0,10.0,12.0,0.0,,,,,,,,,,,,,,,,,,,,,,,,,,,,,,,,,,,,,,,,,,,,,,,,,,,,,,,,,,,,,,,,,,,,,,,,,,,,,,,,,,,,,,,,,,,,,,,,,,,,,,,,,,,,,,,,,,,,,,,,,,,,,,,,,,,,,,,,,,,,,,,,,,,,,,,,,,,,,,,,,,,,,,,,,,,,,,,,,,,,,,,,,,,,,,,,,,,,,,,,,,,,,,
39,32,53,41,62,28,52,55,65,41,68,62,46,66,62,42,61,48,37,23,43.0,23.0,38.0,36.0,43.0,51.0,65.0,35.0,40.0,31.0,37.0,32.0,37.0,27.0,37.0,27.0,50.0,46.0,60.0,20.0,38.0,11.0,13.0,0.0,12.0,19.0,22.0,18.0,11.0,12.0,9.0,9.0,0.0,13.0,61.0,24.0,73.0,16.0,58.0,52.0,54.0,39.0,37.0,26.0,19.0,16.0,5.0,16.0,0.0,0.0,0.0,0.0,0.0,7.0,20.0,0.0,0.0,0.0,0.0,0.0,0.0,0.0,0.0,0.0,0.0,0.0,,,,,,,,,,,,,,,,,,,,,,,,,,,,,,,,,,,,,,,,,,,,,,,,,,,,,,,,,,,,,,,,,,,,,,,,,,,,,,,,,,,,,,,,,,,,,,,,,,,,,,,,,,,,,,,,,,,,,,,,,,,,,,,,,,,,,,,,,,,,,,,,,,,,,,,,,,,,,,,,,,,,,,,,,,,,,,,,,,,,,,,,,,
40,34,32,20,30,14,54,19,67,16,46,7,18,-3,5,-8,-8,-5,16,-11,-14.0,-13.0,10.0,-15.0,19.0,9.0,13.0,12.0,20.0,-28.0,11.0,-15.0,-18.0,-22.0,-31.0,-27.0,-6.0,-17.0,-2.0,-5.0,-4.0,-10.0,-10.0,-9.0,-9.0,-42.0,0.0,-6.0,12.0,0.0,14.0,0.0,0.0,12.0,20.0,0.0,0.0,-40.0,0.0,19.0,2.0,0.0,162.0,164.0,187.0,-106.0,-98.0,-103.0,-100.0,-120.0,-56.0,-173.0,25.0,10.0,21.0,1.0,166.0,128.0,151.0,0.0,41.0,38.0,16.0,15.0,0.0,13.0,30.0,0.0,34.0,30.0,0.0,0.0,0.0,0.0,0.0,0.0,0.0,0.0,2.0,0.0,0.0,0.0,0.0,0.0,52.0,45.0,43.0,61.0,80.0,70.0,57.0,46.0,154.0,145.0,193.0,41.0,81.0,47.0,29.0,13.0,43.0,32.0,41.0,16.0,72.0,51.0,33.0,29.0,52.0,33.0,64.0,50.0,59.0,19.0,39.0,34.0,28.0,33.0,26.0,27.0,0.0,33.0,35.0,29.0,77.0,55.0,55.0,54.0,52.0,51.0,48.0,50.0,41.0,46.0,38.0,46.0,36.0,40.0,40.0,34.0,46.0,35.0,42.0,50.0,70.0,47.0,52.0,52.0,52.0,52.0,52.0,52.0,48.0,55.0,55.0,51.0,55.0,58.0,56.0,57.0,50.0,50.0,55.0,50.0,49.0,46.0,45.0,53.0,50.0,56.0,58.0,50.0,56.0,60.0,50.0,0.0,56.0,53.0,52.0,54.0,54.0,55.0,52.0,50.0,54.0,55.0,55.0,43.0,46.0,43.0,52.0,45.0,45.0,46.0,46.0,38.0,41.0,40.0,48.0,36.0,31.0,33.0,42.0,6.0,22.0,29.0,37.0,35.0,45.0,40.0,55.0,36.0,47.0,48.0,39.0,45.0,63.0,76.0,151.0,151.0,166.0,136.0,150.0,162.0,166.0,175.0,176.0,173.0,173.0,225.0,211.0,167.0,206.0,155.0,145.0,145.0,209.0,150.0,152.0,157.0,273.0,277.0,238.0,262.0,336.0,337.0,1236.0,1252.0,1512.0,1595.0,1647.0,1581.0
41,16,50,37,48,42,44,54,53,40,76,59,83,58,66,38,43,32,50,26,36.0,30.0,40.0,19.0,33.0,27.0,47.0,28.0,16.0,19.0,18.0,23.0,18.0,5.0,19.0,5.0,11.0,11.0,11.0,-18.0,-5.0,-1.0,-4.0,-4.0,-4.0,-3.0,-3.0,-5.0,-3.0,-2.0,0.0,-1.0,-1.0,-1.0,0.0,0.0,0.0,0.0,0.0,0.0,0.0,0.0,0.0,0.0,0.0,0.0,0.0,0.0,0.0,0.0,0.0,0.0,0.0,0.0,0.0,0.0,0.0,0.0,0.0,0.0,0.0,0.0,,,,,,,,,,,,,,,,,,,,,,,,,,,,,,,,,,,,,,,,,,,,,,,,,,,,,,,,,,,,,,,,,,,,,,,,,,,,,,,,,,,,,,,,,,,,,,,,,,,,,,,,,,,,,,,,,,,,,,,,,,,,,,,,,,,,,,,,,,,,,,,,,,,,,,,,,,,,,,,,,,,,,,,,,,,,,,,,,,,,,,,,,,,,,,
42,28,37,40,65,44,51,30,55,50,56,49,57,-5,7,19,30,22,88,5,60.0,54.0,57.0,50.0,49.0,43.0,64.0,54.0,89.0,51.0,83.0,61.0,72.0,74.0,81.0,35.0,45.0,55.0,44.0,37.0,24.0,51.0,186.0,120.0,160.0,165.0,283.0,182.0,302.0,340.0,339.0,354.0,383.0,316.0,303.0,387.0,385.0,400.0,377.0,445.0,448.0,449.0,440.0,452.0,370.0,464.0,507.0,572.0,507.0,506.0,681.0,492.0,471.0,488.0,481.0,480.0,486.0,486.0,486.0,465.0,500.0,512.0,523.0,535.0,614.0,604.0,603.0,604.0,800.0,584.0,657.0,622.0,,,,,,,,,,,,,,,,,,,,,,,,,,,,,,,,,,,,,,,,,,,,,,,,,,,,,,,,,,,,,,,,,,,,,,,,,,,,,,,,,,,,,,,,,,,,,,,,,,,,,,,,,,,,,,,,,,,,,,,,,,,,,,,,,,,,,,,,,,,,,,,,,,,,,,,,,,,,,,,,,,,,,,,,,,,,,,,,,,,,
43,6,32,26,13,5,8,4,26,15,19,16,17,44,44,39,53,32,41,12,33.0,19.0,26.0,21.0,29.0,33.0,0.0,-2.0,100.0,11.0,34.0,7.0,24.0,-2.0,3.0,13.0,27.0,-35.0,59.0,4.0,65.0,-20.0,-17.0,-30.0,-19.0,-7.0,-2.0,-15.0,-13.0,-9.0,-4.0,0.0,27.0,-327.0,-262.0,-281.0,-255.0,-276.0,-266.0,-295.0,-273.0,-257.0,-288.0,-341.0,-353.0,-344.0,-339.0,-353.0,-320.0,-306.0,-298.0,-336.0,-403.0,-479.0,-490.0,-487.0,-487.0,-476.0,-487.0,,,,,,,,,,,,,,,,,,,,,,,,,,,,,,,,,,,,,,,,,,,,,,,,,,,,,,,,,,,,,,,,,,,,,,,,,,,,,,,,,,,,,,,,,,,,,,,,,,,,,,,,,,,,,,,,,,,,,,,,,,,,,,,,,,,,,,,,,,,,,,,,,,,,,,,,,,,,,,,,,,,,,,,,,,,,,,,,,,,,,,,,,,,,,,,,,
44,19,40,24,43,49,58,10,30,18,13,10,35,12,63,-18,23,6,13,6,6.0,4.0,12.0,12.0,8.0,6.0,16.0,4.0,9.0,10.0,28.0,23.0,22.0,19.0,20.0,7.0,26.0,15.0,17.0,16.0,10.0,17.0,22.0,10.0,14.0,17.0,18.0,-6.0,7.0,-12.0,2.0,17.0,2.0,0.0,6.0,12.0,0.0,0.0,0.0,0.0,11.0,5.0,2.0,3.0,3.0,0.0,7.0,0.0,0.0,-6.0,0.0,0.0,0.0,0.0,0.0,0.0,0.0,0.0,0.0,0.0,0.0,0.0,,,,,,,,,,,,,,,,,,,,,,,,,,,,,,,,,,,,,,,,,,,,,,,,,,,,,,,,,,,,,,,,,,,,,,,,,,,,,,,,,,,,,,,,,,,,,,,,,,,,,,,,,,,,,,,,,,,,,,,,,,,,,,,,,,,,,,,,,,,,,,,,,,,,,,,,,,,,,,,,,,,,,,,,,,,,,,,,,,,,,,,,,,,,,,
45,24,44,39,51,15,36,32,37,36,37,36,33,11,53,12,31,1,10,10,23.0,10.0,41.0,23.0,19.0,27.0,32.0,8.0,16.0,7.0,27.0,-1.0,24.0,-3.0,-5.0,-19.0,-19.0,-25.0,-19.0,-12.0,-19.0,-12.0,-4.0,-13.0,-15.0,-606.0,-623.0,-722.0,-694.0,-770.0,-784.0,-836.0,-380.0,-421.0,-221.0,-364.0,-359.0,-378.0,-288.0,-296.0,-313.0,-276.0,-323.0,-291.0,-282.0,-340.0,-315.0,-292.0,-305.0,-309.0,-299.0,-363.0,-354.0,-376.0,-357.0,-432.0,-453.0,-401.0,-430.0,-463.0,-485.0,-509.0,-534.0,-541.0,-557.0,-541.0,-566.0,-594.0,-581.0,-606.0,-610.0,-616.0,-612.0,-656.0,-670.0,-816.0,-862.0,-896.0,-1003.0,,,,,,,,,,,,,,,,,,,,,,,,,,,,,,,,,,,,,,,,,,,,,,,,,,,,,,,,,,,,,,,,,,,,,,,,,,,,,,,,,,,,,,,,,,,,,,,,,,,,,,,,,,,,,,,,,,,,,,,,,,,,,,,,,,,,,,,,,,,,,,,,,,,,,,,,,,,,,,,,,,,,,,,,,,,,,
46,26,36,34,74,24,46,39,46,43,44,31,41,33,52,57,48,20,56,36,62.0,31.0,82.0,61.0,71.0,12.0,28.0,0.0,74.0,22.0,40.0,30.0,34.0,46.0,73.0,-10.0,46.0,35.0,31.0,0.0,21.0,0.0,66.0,33.0,59.0,0.0,6.0,0.0,0.0,-20.0,0.0,0.0,0.0,0.0,0.0,0.0,0.0,0.0,0.0,,,,,,,,,,,,,,,,,,,,,,,,,,,,,,,,,,,,,,,,,,,,,,,,,,,,,,,,,,,,,,,,,,,,,,,,,,,,,,,,,,,,,,,,,,,,,,,,,,,,,,,,,,,,,,,,,,,,,,,,,,,,,,,,,,,,,,,,,,,,,,,,,,,,,,,,,,,,,,,,,,,,,,,,,,,,,,,,,,,,,,,,,,,,,,,,,,,,,,,,,,,,,,,,,,,,,
47,9,48,10,22,17,4,9,9,13,8,-24,14,-11,16,-11,15,9,11,3,46.0,39.0,37.0,1.0,7.0,23.0,24.0,18.0,27.0,20.0,36.0,3.0,4.0,-77.0,-25.0,-100.0,-96.0,-81.0,-65.0,-166.0,-85.0,-124.0,-106.0,-113.0,-63.0,-141.0,36.0,-143.0,19.0,25.0,54.0,49.0,101.0,87.0,104.0,22.0,18.0,0.0,84.0,-16.0,46.0,-121.0,-98.0,-97.0,-78.0,-76.0,-21.0,-61.0,-52.0,-44.0,-39.0,-41.0,85.0,-2.0,89.0,0.0,0.0,-135.0,-101.0,-174.0,-177.0,-213.0,-162.0,-149.0,-85.0,-140.0,-127.0,-142.0,-35.0,-150.0,-185.0,-189.0,-193.0,-181.0,-226.0,-246.0,-215.0,-226.0,-267.0,-265.0,-251.0,-518.0,-504.0,-726.0,-747.0,-760.0,-766.0,-834.0,-839.0,-844.0,-833.0,,,,,,,,,,,,,,,,,,,,,,,,,,,,,,,,,,,,,,,,,,,,,,,,,,,,,,,,,,,,,,,,,,,,,,,,,,,,,,,,,,,,,,,,,,,,,,,,,,,,,,,,,,,,,,,,,,,,,,,,,,,,,,,,,,,,,,,,,,,,,,,,,,,,,,,,,,,,,,,,,
48,34,71,40,69,57,52,42,59,37,43,10,45,37,53,47,61,43,52,5,38.0,24.0,45.0,39.0,41.0,36.0,39.0,43.0,32.0,8.0,17.0,0.0,0.0,0.0,9.0,10.0,11.0,12.0,15.0,10.0,10.0,23.0,0.0,22.0,21.0,20.0,37.0,73.0,87.0,21.0,18.0,18.0,17.0,14.0,12.0,13.0,96.0,19.0,30.0,28.0,73.0,2.0,57.0,55.0,71.0,75.0,59.0,71.0,45.0,28.0,27.0,18.0,41.0,12.0,17.0,17.0,11.0,0.0,0.0,3.0,0.0,0.0,0.0,0.0,0.0,0.0,0.0,1.0,0.0,0.0,0.0,0.0,0.0,0.0,0.0,0.0,0.0,0.0,0.0,0.0,0.0,,,,,,,,,,,,,,,,,,,,,,,,,,,,,,,,,,,,,,,,,,,,,,,,,,,,,,,,,,,,,,,,,,,,,,,,,,,,,,,,,,,,,,,,,,,,,,,,,,,,,,,,,,,,,,,,,,,,,,,,,,,,,,,,,,,,,,,,,,,,,,,,,,,,,,,,,,,,,,,,,,,,,,,,,,,
49,22,16,13,18,20,22,28,41,43,34,41,38,24,37,47,73,47,58,46,59.0,52.0,70.0,44.0,37.0,36.0,49.0,26.0,26.0,34.0,36.0,31.0,34.0,25.0,40.0,39.0,49.0,58.0,52.0,39.0,47.0,50.0,53.0,65.0,66.0,61.0,78.0,92.0,107.0,103.0,107.0,119.0,124.0,87.0,108.0,44.0,58.0,39.0,36.0,33.0,29.0,33.0,37.0,32.0,25.0,34.0,47.0,45.0,42.0,40.0,40.0,39.0,42.0,42.0,46.0,40.0,45.0,35.0,46.0,46.0,46.0,44.0,44.0,44.0,43.0,38.0,43.0,38.0,54.0,52.0,48.0,48.0,47.0,46.0,49.0,49.0,49.0,51.0,51.0,55.0,50.0,49.0,51.0,51.0,50.0,49.0,52.0,52.0,105.0,75.0,70.0,53.0,212.0,193.0,747.0,933.0,,,,,,,,,,,,,,,,,,,,,,,,,,,,,,,,,,,,,,,,,,,,,,,,,,,,,,,,,,,,,,,,,,,,,,,,,,,,,,,,,,,,,,,,,,,,,,,,,,,,,,,,,,,,,,,,,,,,,,,,,,,,,,,,,,,,,,,,,,,,,,,,,,,,,,,,,,,,
50,26,43,30,49,41,56,46,55,-4,0,-7,31,22,34,32,35,17,20,25,32.0,21.0,27.0,7.0,4.0,17.0,13.0,-2.0,0.0,0.0,-1.0,0.0,14.0,2.0,13.0,0.0,8.0,-23.0,0.0,0.0,0.0,0.0,-12.0,-28.0,5.0,-82.0,-1.0,-7.0,-25.0,-75.0,-59.0,-105.0,-70.0,-158.0,-61.0,-66.0,-49.0,-86.0,-69.0,-90.0,-60.0,-54.0,-46.0,-65.0,-76.0,-82.0,-76.0,-78.0,-29.0,-58.0,-26.0,-31.0,-13.0,-12.0,-29.0,-65.0,-46.0,-113.0,-99.0,-112.0,-95.0,-72.0,0.0,0.0,0.0,,,,,,,,,,,,,,,,,,,,,,,,,,,,,,,,,,,,,,,,,,,,,,,,,,,,,,,,,,,,,,,,,,,,,,,,,,,,,,,,,,,,,,,,,,,,,,,,,,,,,,,,,,,,,,,,,,,,,,,,,,,,,,,,,,,,,,,,,,,,,,,,,,,,,,,,,,,,,,,,,,,,,,,,,,,,,,,,,,,,,,,,,,,
51,28,42,14,53,61,67,45,60,46,58,40,53,50,53,30,50,22,26,13,21.0,17.0,18.0,-7.0,4.0,-8.0,13.0,-57.0,-38.0,-40.0,-54.0,-70.0,-46.0,-41.0,-55.0,-42.0,-20.0,-35.0,-16.0,-84.0,-24.0,-34.0,-23.0,-44.0,11.0,5.0,9.0,9.0,0.0,4.0,0.0,3.0,0.0,2.0,0.0,0.0,0.0,0.0,0.0,0.0,0.0,0.0,0.0,-3.0,0.0,0.0,0.0,0.0,0.0,0.0,0.0,0.0,0.0,0.0,0.0,0.0,0.0,0.0,0.0,0.0,,,,,,,,,,,,,,,,,,,,,,,,,,,,,,,,,,,,,,,,,,,,,,,,,,,,,,,,,,,,,,,,,,,,,,,,,,,,,,,,,,,,,,,,,,,,,,,,,,,,,,,,,,,,,,,,,,,,,,,,,,,,,,,,,,,,,,,,,,,,,,,,,,,,,,,,,,,,,,,,,,,,,,,,,,,,,,,,,,,,,,,,,,,,,,,,
52,9,47,37,46,9,37,8,17,16,33,29,85,51,68,74,55,29,27,23,25.0,-59.0,37.0,31.0,38.0,4.0,14.0,8.0,38.0,-27.0,-6.0,-45.0,-83.0,-77.0,-33.0,-75.0,-77.0,-91.0,-61.0,-75.0,-54.0,-59.0,-40.0,-42.0,0.0,-17.0,0.0,-92.0,-9.0,0.0,65.0,49.0,52.0,54.0,72.0,12.0,60.0,60.0,133.0,38.0,96.0,23.0,58.0,61.0,68.0,24.0,32.0,5.0,19.0,0.0,260.0,0.0,0.0,0.0,27.0,0.0,0.0,-65.0,-41.0,-34.0,-31.0,-207.0,-76.0,-87.0,-90.0,-249.0,-222.0,-266.0,-231.0,-338.0,-307.0,-352.0,-353.0,-393.0,-311.0,-816.0,-477.0,-462.0,-462.0,-526.0,-505.0,-533.0,-585.0,-668.0,-666.0,-677.0,-680.0,-788.0,-780.0,-995.0,-1059.0,-1107.0,-1136.0,,,,,,,,,,,,,,,,,,,,,,,,,,,,,,,,,,,,,,,,,,,,,,,,,,,,,,,,,,,,,,,,,,,,,,,,,,,,,,,,,,,,,,,,,,,,,,,,,,,,,,,,,,,,,,,,,,,,,,,,,,,,,,,,,,,,,,,,,,,,,,,,,,,,,,,,,,,,,,,
53,16,45,25,45,22,32,17,24,24,38,39,71,57,54,44,45,26,19,41,35.0,-46.0,-47.0,-63.0,6.0,34.0,0.0,-14.0,14.0,-3.0,14.0,10.0,26.0,22.0,62.0,54.0,61.0,37.0,39.0,37.0,20.0,4.0,46.0,15.0,17.0,0.0,0.0,0.0,70.0,0.0,6.0,7.0,48.0,25.0,32.0,37.0,38.0,31.0,32.0,29.0,69.0,70.0,78.0,71.0,50.0,57.0,147.0,117.0,125.0,164.0,170.0,121.0,159.0,124.0,196.0,175.0,184.0,62.0,78.0,79.0,69.0,85.0,82.0,68.0,88.0,69.0,62.0,71.0,56.0,62.0,61.0,69.0,88.0,72.0,81.0,55.0,66.0,90.0,80.0,70.0,85.0,73.0,65.0,10.0,56.0,58.0,86.0,59.0,91.0,87.0,178.0,171.0,246.0,177.0,152.0,117.0,252.0,296.0,310.0,355.0,360.0,378.0,419.0,386.0,360.0,173.0,180.0,126.0,125.0,127.0,128.0,134.0,325.0,324.0,329.0,334.0,317.0,322.0,362.0,355.0,517.0,346.0,336.0,329.0,322.0,319.0,419.0,124.0,256.0,120.0,106.0,112.0,68.0,83.0,77.0,68.0,51.0,56.0,39.0,31.0,22.0,0.0,0.0,0.0,-8.0,-12.0,-8.0,-16.0,-8.0,-52.0,-47.0,,,,,,,,,,,,,,,,,,,,,,,,,,,,,,,,,,,,,,,,,,,,,,,,,,,,,,,,,,,,,,,,,,,,,,,,,,,,,,,,,,,,,,,,,,,,,,,,,,,,,
54,25,42,26,53,20,25,14,61,3,0,23,18,1,13,0,13,-12,6,-21,-9.0,-10.0,-15.0,-85.0,-37.0,-40.0,-34.0,-2.0,-4.0,-14.0,64.0,66.0,66.0,55.0,70.0,44.0,72.0,68.0,139.0,131.0,111.0,103.0,122.0,87.0,368.0,114.0,103.0,132.0,131.0,123.0,97.0,93.0,98.0,63.0,37.0,38.0,21.0,-2.0,62.0,43.0,55.0,56.0,63.0,59.0,64.0,0.0,21.0,13.0,15.0,33.0,16.0,43.0,103.0,77.0,136.0,57.0,41.0,31.0,13.0,0.0,41.0,0.0,0.0,0.0,,,,,,,,,,,,,,,,,,,,,,,,,,,,,,,,,,,,,,,,,,,,,,,,,,,,,,,,,,,,,,,,,,,,,,,,,,,,,,,,,,,,,,,,,,,,,,,,,,,,,,,,,,,,,,,,,,,,,,,,,,,,,,,,,,,,,,,,,,,,,,,,,,,,,,,,,,,,,,,,,,,,,,,,,,,,,,,,,,,,,,,,,,,,
55,14,29,29,42,21,30,22,37,11,10,14,40,15,40,22,26,14,27,0,5.0,3.0,30.0,15.0,78.0,48.0,74.0,2.0,39.0,59.0,44.0,42.0,57.0,16.0,81.0,13.0,21.0,0.0,0.0,-30.0,20.0,-146.0,-3.0,-161.0,-134.0,-204.0,-94.0,-104.0,-118.0,-120.0,-199.0,-467.0,-510.0,-600.0,-525.0,-660.0,-721.0,-742.0,-736.0,-731.0,-735.0,-741.0,-747.0,-838.0,-895.0,,,,,,,,,,,,,,,,,,,,,,,,,,,,,,,,,,,,,,,,,,,,,,,,,,,,,,,,,,,,,,,,,,,,,,,,,,,,,,,,,,,,,,,,,,,,,,,,,,,,,,,,,,,,,,,,,,,,,,,,,,,,,,,,,,,,,,,,,,,,,,,,,,,,,,,,,,,,,,,,,,,,,,,,,,,,,,,,,,,,,,,,,,,,,,,,,,,,,,,,,,,,,,,
56,23,55,36,34,7,27,12,27,13,27,14,21,27,41,23,32,29,59,23,53.0,88.0,97.0,52.0,50.0,42.0,65.0,44.0,66.0,42.0,26.0,-22.0,-7.0,-8.0,-16.0,-57.0,0.0,-20.0,-18.0,-38.0,-39.0,-63.0,-17.0,-43.0,-66.0,-60.0,-21.0,-81.0,-69.0,-57.0,-44.0,-57.0,-74.0,-101.0,-87.0,-94.0,-55.0,-39.0,-78.0,-49.0,-54.0,-77.0,-75.0,-60.0,0.0,0.0,,,,,,,,,,,,,,,,,,,,,,,,,,,,,,,,,,,,,,,,,,,,,,,,,,,,,,,,,,,,,,,,,,,,,,,,,,,,,,,,,,,,,,,,,,,,,,,,,,,,,,,,,,,,,,,,,,,,,,,,,,,,,,,,,,,,,,,,,,,,,,,,,,,,,,,,,,,,,,,,,,,,,,,,,,,,,,,,,,,,,,,,,,,,,,,,,,,,,,,,,,,,,,
57,29,36,30,28,52,42,34,50,50,55,45,56,49,58,40,43,44,35,37,59.0,46.0,58.0,19.0,49.0,16.0,24.0,17.0,22.0,4.0,13.0,0.0,17.0,13.0,0.0,15.0,12.0,10.0,11.0,8.0,10.0,0.0,0.0,0.0,0.0,0.0,0.0,0.0,0.0,0.0,0.0,0.0,0.0,0.0,0.0,0.0,0.0,0.0,0.0,0.0,,,,,,,,,,,,,,,,,,,,,,,,,,,,,,,,,,,,,,,,,,,,,,,,,,,,,,,,,,,,,,,,,,,,,,,,,,,,,,,,,,,,,,,,,,,,,,,,,,,,,,,,,,,,,,,,,,,,,,,,,,,,,,,,,,,,,,,,,,,,,,,,,,,,,,,,,,,,,,,,,,,,,,,,,,,,,,,,,,,,,,,,,,,,,,,,,,,,,,,,,,,,,,,,,,,,
58,37,33,20,52,47,62,48,54,35,45,32,48,32,32,15,30,19,24,25,40.0,21.0,39.0,36.0,93.0,16.0,79.0,29.0,36.0,28.0,107.0,61.0,84.0,52.0,76.0,76.0,54.0,-24.0,-3.0,-8.0,112.0,67.0,68.0,45.0,39.0,62.0,245.0,233.0,366.0,371.0,417.0,391.0,470.0,470.0,495.0,459.0,523.0,423.0,466.0,404.0,433.0,442.0,468.0,456.0,482.0,450.0,600.0,600.0,661.0,665.0,1098.0,1072.0,1136.0,1165.0,9993.0,9994.0,9995.0,9996.0,,,,,,,,,,,,,,,,,,,,,,,,,,,,,,,,,,,,,,,,,,,,,,,,,,,,,,,,,,,,,,,,,,,,,,,,,,,,,,,,,,,,,,,,,,,,,,,,,,,,,,,,,,,,,,,,,,,,,,,,,,,,,,,,,,,,,,,,,,,,,,,,,,,,,,,,,,,,,,,,,,,,,,,,,,,,,,,,,,,,,,,,,,,,,,,,,,
59,20,48,38,72,66,73,59,66,49,64,64,56,60,55,53,49,32,40,42,41.0,41.0,42.0,46.0,55.0,25.0,51.0,8.0,10.0,4.0,7.0,-7.0,110.0,100.0,146.0,125.0,142.0,131.0,204.0,174.0,135.0,164.0,168.0,130.0,137.0,124.0,157.0,129.0,148.0,101.0,112.0,120.0,120.0,106.0,130.0,39.0,52.0,14.0,23.0,0.0,65.0,11.0,82.0,0.0,51.0,17.0,54.0,0.0,,,,,,,,,,,,,,,,,,,,,,,,,,,,,,,,,,,,,,,,,,,,,,,,,,,,,,,,,,,,,,,,,,,,,,,,,,,,,,,,,,,,,,,,,,,,,,,,,,,,,,,,,,,,,,,,,,,,,,,,,,,,,,,,,,,,,,,,,,,,,,,,,,,,,,,,,,,,,,,,,,,,,,,,,,,,,,,,,,,,,,,,,,,,,,,,,,,,,,,,,,,,
60,15,35,9,20,18,24,16,37,17,37,32,42,29,27,23,31,2,43,31,30.0,44.0,68.0,63.0,86.0,75.0,90.0,77.0,65.0,80.0,75.0,71.0,73.0,8.0,11.0,0.0,0.0,28.0,79.0,46.0,127.0,50.0,104.0,126.0,93.0,128.0,140.0,136.0,114.0,90.0,95.0,72.0,149.0,117.0,185.0,187.0,190.0,162.0,217.0,202.0,225.0,158.0,304.0,263.0,389.0,408.0,452.0,719.0,818.0,883.0,,,,,,,,,,,,,,,,,,,,,,,,,,,,,,,,,,,,,,,,,,,,,,,,,,,,,,,,,,,,,,,,,,,,,,,,,,,,,,,,,,,,,,,,,,,,,,,,,,,,,,,,,,,,,,,,,,,,,,,,,,,,,,,,,,,,,,,,,,,,,,,,,,,,,,,,,,,,,,,,,,,,,,,,,,,,,,,,,,,,,,,,,,,,,,,,,,,,,,,,,,
61,19,18,25,50,51,64,56,65,51,64,37,57,53,51,60,62,24,35,26,45.0,0.0,52.0,61.0,70.0,64.0,0.0,0.0,0.0,0.0,0.0,0.0,11.0,0.0,0.0,0.0,0.0,0.0,0.0,0.0,0.0,0.0,0.0,-107.0,-114.0,-135.0,-105.0,-118.0,-95.0,-159.0,-139.0,-126.0,-145.0,-253.0,-254.0,-266.0,-251.0,-259.0,-210.0,-246.0,-212.0,-213.0,-218.0,-240.0,-194.0,-436.0,-360.0,-348.0,-318.0,-351.0,-390.0,-482.0,-418.0,-427.0,-439.0,-530.0,-497.0,-558.0,-544.0,-775.0,-756.0,-780.0,-791.0,-798.0,-759.0,-909.0,-898.0,,,,,,,,,,,,,,,,,,,,,,,,,,,,,,,,,,,,,,,,,,,,,,,,,,,,,,,,,,,,,,,,,,,,,,,,,,,,,,,,,,,,,,,,,,,,,,,,,,,,,,,,,,,,,,,,,,,,,,,,,,,,,,,,,,,,,,,,,,,,,,,,,,,,,,,,,,,,,,,,,,,,,,,,,,,,,,,,,,,,,,,,,
62,16,49,16,46,10,13,-14,14,5,2,10,12,4,18,5,19,12,15,12,28.0,7.0,15.0,0.0,0.0,16.0,34.0,37.0,30.0,24.0,15.0,18.0,49.0,36.0,29.0,30.0,26.0,24.0,23.0,21.0,45.0,37.0,43.0,40.0,33.0,14.0,27.0,5.0,7.0,0.0,0.0,0.0,5.0,0.0,-3.0,-12.0,-1.0,-8.0,-6.0,-7.0,0.0,-6.0,0.0,0.0,0.0,0.0,0.0,0.0,0.0,0.0,0.0,0.0,1.0,0.0,0.0,,,,,,,,,,,,,,,,,,,,,,,,,,,,,,,,,,,,,,,,,,,,,,,,,,,,,,,,,,,,,,,,,,,,,,,,,,,,,,,,,,,,,,,,,,,,,,,,,,,,,,,,,,,,,,,,,,,,,,,,,,,,,,,,,,,,,,,,,,,,,,,,,,,,,,,,,,,,,,,,,,,,,,,,,,,,,,,,,,,,,,,,,,,,,,,,,,,,,
63,21,26,40,54,53,55,50,50,50,61,64,73,44,38,50,61,51,65,55,51.0,14.0,38.0,12.0,11.0,6.0,12.0,9.0,12.0,9.0,0.0,0.0,-2.0,-26.0,93.0,39.0,117.0,118.0,119.0,138.0,119.0,89.0,125.0,81.0,83.0,110.0,132.0,13.0,42.0,20.0,42.0,24.0,63.0,50.0,30.0,12.0,23.0,-7.0,0.0,-21.0,0.0,-33.0,-11.0,-65.0,-66.0,-43.0,-25.0,-15.0,-12.0,-13.0,-10.0,-16.0,-11.0,-12.0,-15.0,-15.0,0.0,0.0,-14.0,-14.0,-11.0,,,,,,,,,,,,,,,,,,,,,,,,,,,,,,,,,,,,,,,,,,,,,,,,,,,,,,,,,,,,,,,,,,,,,,,,,,,,,,,,,,,,,,,,,,,,,,,,,,,,,,,,,,,,,,,,,,,,,,,,,,,,,,,,,,,,,,,,,,,,,,,,,,,,,,,,,,,,,,,,,,,,,,,,,,,,,,,,,,,,,,,,,,,,,,,
64,30,27,24,32,46,37,45,41,19,56,41,37,12,50,45,84,53,52,38,48.0,35.0,47.0,26.0,46.0,38.0,50.0,45.0,61.0,56.0,61.0,39.0,52.0,29.0,55.0,-4.0,56.0,43.0,58.0,46.0,44.0,32.0,38.0,27.0,26.0,8.0,23.0,0.0,6.0,2.0,0.0,0.0,0.0,0.0,0.0,0.0,0.0,0.0,0.0,0.0,0.0,0.0,0.0,0.0,0.0,0.0,0.0,0.0,0.0,0.0,0.0,0.0,0.0,0.0,0.0,,,,,,,,,,,,,,,,,,,,,,,,,,,,,,,,,,,,,,,,,,,,,,,,,,,,,,,,,,,,,,,,,,,,,,,,,,,,,,,,,,,,,,,,,,,,,,,,,,,,,,,,,,,,,,,,,,,,,,,,,,,,,,,,,,,,,,,,,,,,,,,,,,,,,,,,,,,,,,,,,,,,,,,,,,,,,,,,,,,,,,,,,,,,,,,,,,,,,
65,23,39,16,58,55,74,44,50,15,23,30,36,34,33,11,18,8,26,27,15.0,8.0,6.0,-20.0,11.0,-5.0,-1.0,0.0,0.0,0.0,31.0,-52.0,-63.0,-152.0,-99.0,-199.0,-157.0,-156.0,-171.0,-347.0,-316.0,-261.0,-300.0,-280.0,-227.0,-210.0,-77.0,-209.0,-112.0,-174.0,-137.0,-183.0,-172.0,-211.0,-157.0,-209.0,-197.0,-229.0,-126.0,-363.0,-425.0,-418.0,-389.0,-437.0,-448.0,-531.0,-275.0,-618.0,-610.0,-719.0,-735.0,,,,,,,,,,,,,,,,,,,,,,,,,,,,,,,,,,,,,,,,,,,,,,,,,,,,,,,,,,,,,,,,,,,,,,,,,,,,,,,,,,,,,,,,,,,,,,,,,,,,,,,,,,,,,,,,,,,,,,,,,,,,,,,,,,,,,,,,,,,,,,,,,,,,,,,,,,,,,,,,,,,,,,,,,,,,,,,,,,,,,,,,,,,,,,,,,,,,,,,,,
66,30,46,31,50,30,46,37,52,0,21,2,12,-10,6,-11,7,4,19,-5,6.0,0.0,0.0,0.0,0.0,0.0,0.0,0.0,0.0,,,,,,,,,,,,,,,,,,,,,,,,,,,,,,,,,,,,,,,,,,,,,,,,,,,,,,,,,,,,,,,,,,,,,,,,,,,,,,,,,,,,,,,,,,,,,,,,,,,,,,,,,,,,,,,,,,,,,,,,,,,,,,,,,,,,,,,,,,,,,,,,,,,,,,,,,,,,,,,,,,,,,,,,,,,,,,,,,,,,,,,,,,,,,,,,,,,,,,,,,,,,,,,,,,,,,,,,,,,,,,,,,,,,,,,,,,,,,,,,,,,
67,23,42,25,54,43,33,11,40,27,43,32,40,23,32,43,58,40,37,36,51.0,25.0,50.0,26.0,31.0,0.0,31.0,0.0,23.0,9.0,10.0,0.0,0.0,0.0,10.0,-5.0,22.0,10.0,16.0,22.0,15.0,17.0,13.0,25.0,43.0,25.0,40.0,31.0,49.0,39.0,55.0,55.0,56.0,46.0,45.0,37.0,45.0,50.0,34.0,33.0,31.0,30.0,49.0,27.0,41.0,22.0,40.0,0.0,,,,,,,,,,,,,,,,,,,,,,,,,,,,,,,,,,,,,,,,,,,,,,,,,,,,,,,,,,,,,,,,,,,,,,,,,,,,,,,,,,,,,,,,,,,,,,,,,,,,,,,,,,,,,,,,,,,,,,,,,,,,,,,,,,,,,,,,,,,,,,,,,,,,,,,,,,,,,,,,,,,,,,,,,,,,,,,,,,,,,,,,,,,,,,,,,,,,,,,,,,,,
68,30,28,28,69,22,36,-22,25,20,66,24,22,38,50,27,39,1,17,-10,8.0,5.0,13.0,2.0,0.0,-32.0,-8.0,-35.0,-22.0,-16.0,27.0,26.0,75.0,-29.0,-2.0,-36.0,15.0,-11.0,54.0,27.0,14.0,26.0,43.0,23.0,80.0,-137.0,0.0,0.0,0.0,-31.0,-4.0,0.0,0.0,0.0,5.0,-35.0,0.0,-10.0,0.0,-1.0,0.0,-25.0,-14.0,-28.0,4.0,-15.0,-6.0,-3.0,-1.0,0.0,0.0,0.0,-11.0,-10.0,-4.0,-2.0,0.0,-5.0,0.0,0.0,0.0,0.0,-1.0,0.0,0.0,0.0,0.0,0.0,0.0,0.0,0.0,0.0,43.0,43.0,43.0,40.0,,,,,,,,,,,,,,,,,,,,,,,,,,,,,,,,,,,,,,,,,,,,,,,,,,,,,,,,,,,,,,,,,,,,,,,,,,,,,,,,,,,,,,,,,,,,,,,,,,,,,,,,,,,,,,,,,,,,,,,,,,,,,,,,,,,,,,,,,,,,,,,,,,,,,,,,,,,,,,,,,,,,,,,,,,,,,,,,
69,27,41,27,31,27,32,7,6,11,17,20,15,-4,18,8,17,24,43,12,36.0,17.0,24.0,17.0,40.0,18.0,39.0,31.0,32.0,27.0,23.0,18.0,17.0,1.0,20.0,12.0,14.0,8.0,29.0,30.0,41.0,44.0,46.0,37.0,50.0,34.0,103.0,61.0,93.0,85.0,76.0,51.0,98.0,109.0,120.0,89.0,97.0,109.0,97.0,96.0,132.0,104.0,207.0,166.0,172.0,149.0,195.0,178.0,187.0,158.0,379.0,388.0,458.0,419.0,431.0,388.0,419.0,434.0,413.0,458.0,513.0,554.0,531.0,558.0,659.0,664.0,,,,,,,,,,,,,,,,,,,,,,,,,,,,,,,,,,,,,,,,,,,,,,,,,,,,,,,,,,,,,,,,,,,,,,,,,,,,,,,,,,,,,,,,,,,,,,,,,,,,,,,,,,,,,,,,,,,,,,,,,,,,,,,,,,,,,,,,,,,,,,,,,,,,,,,,,,,,,,,,,,,,,,,,,,,,,,,,,,,,,,,,,,
70,29,42,29,28,22,31,35,58,48,39,41,91,46,43,18,36,23,32,7,11.0,0.0,0.0,0.0,83.0,0.0,0.0,23.0,69.0,-3.0,37.0,38.0,50.0,52.0,31.0,-7.0,31.0,30.0,42.0,46.0,44.0,42.0,48.0,52.0,61.0,53.0,55.0,40.0,56.0,63.0,71.0,76.0,63.0,60.0,62.0,68.0,70.0,80.0,129.0,113.0,172.0,142.0,164.0,96.0,236.0,234.0,286.0,97.0,287.0,253.0,259.0,276.0,294.0,305.0,331.0,367.0,384.0,445.0,527.0,480.0,518.0,587.0,625.0,609.0,661.0,678.0,670.0,683.0,726.0,672.0,629.0,702.0,754.0,743.0,794.0,809.0,824.0,833.0,1525.0,1613.0,,,,,,,,,,,,,,,,,,,,,,,,,,,,,,,,,,,,,,,,,,,,,,,,,,,,,,,,,,,,,,,,,,,,,,,,,,,,,,,,,,,,,,,,,,,,,,,,,,,,,,,,,,,,,,,,,,,,,,,,,,,,,,,,,,,,,,,,,,,,,,,,,,,,,,,,,,,,,,,,,,,,,,,,,,,,
71,15,28,25,42,19,79,50,58,34,43,60,47,5,17,0,20,5,34,17,75.0,54.0,67.0,46.0,54.0,60.0,56.0,67.0,104.0,91.0,72.0,64.0,96.0,85.0,134.0,119.0,141.0,138.0,169.0,127.0,88.0,97.0,79.0,90.0,300.0,61.0,71.0,0.0,86.0,40.0,56.0,32.0,59.0,43.0,44.0,11.0,51.0,60.0,48.0,36.0,21.0,13.0,12.0,11.0,14.0,13.0,12.0,12.0,12.0,12.0,19.0,21.0,16.0,15.0,17.0,19.0,7.0,10.0,15.0,6.0,6.0,10.0,7.0,0.0,6.0,,,,,,,,,,,,,,,,,,,,,,,,,,,,,,,,,,,,,,,,,,,,,,,,,,,,,,,,,,,,,,,,,,,,,,,,,,,,,,,,,,,,,,,,,,,,,,,,,,,,,,,,,,,,,,,,,,,,,,,,,,,,,,,,,,,,,,,,,,,,,,,,,,,,,,,,,,,,,,,,,,,,,,,,,,,,,,,,,,,,,,,,,,,
72,28,33,28,28,20,28,22,33,30,31,28,36,31,57,26,26,38,56,53,46.0,43.0,36.0,47.0,44.0,6.0,30.0,20.0,44.0,19.0,32.0,-8.0,63.0,51.0,47.0,36.0,14.0,0.0,7.0,0.0,40.0,0.0,0.0,0.0,0.0,0.0,0.0,0.0,0.0,0.0,0.0,,,,,,,,,,,,,,,,,,,,,,,,,,,,,,,,,,,,,,,,,,,,,,,,,,,,,,,,,,,,,,,,,,,,,,,,,,,,,,,,,,,,,,,,,,,,,,,,,,,,,,,,,,,,,,,,,,,,,,,,,,,,,,,,,,,,,,,,,,,,,,,,,,,,,,,,,,,,,,,,,,,,,,,,,,,,,,,,,,,,,,,,,,,,,,,,,,,,,,,,,,,,,,,,,,,,,,,,,,,,,
73,29,51,37,65,5,54,52,48,42,50,15,51,15,63,47,61,8,37,52,59.0,36.0,39.0,32.0,37.0,0.0,51.0,62.0,50.0,46.0,46.0,69.0,64.0,52.0,58.0,39.0,108.0,93.0,86.0,61.0,61.0,47.0,58.0,52.0,73.0,50.0,78.0,0.0,0.0,0.0,0.0,9.0,0.0,0.0,25.0,0.0,0.0,0.0,0.0,0.0,0.0,0.0,3.0,0.0,0.0,0.0,,,,,,,,,,,,,,,,,,,,,,,,,,,,,,,,,,,,,,,,,,,,,,,,,,,,,,,,,,,,,,,,,,,,,,,,,,,,,,,,,,,,,,,,,,,,,,,,,,,,,,,,,,,,,,,,,,,,,,,,,,,,,,,,,,,,,,,,,,,,,,,,,,,,,,,,,,,,,,,,,,,,,,,,,,,,,,,,,,,,,,,,,,,,,,,,,,,,,,,,,,,,,,
74,11,35,36,44,18,26,28,29,38,59,-6,95,36,46,31,51,38,44,34,46.0,50.0,63.0,50.0,50.0,50.0,37.0,46.0,47.0,45.0,45.0,37.0,70.0,21.0,49.0,45.0,52.0,27.0,32.0,25.0,20.0,21.0,19.0,12.0,17.0,17.0,20.0,12.0,18.0,8.0,14.0,11.0,12.0,9.0,11.0,6.0,11.0,5.0,11.0,6.0,12.0,10.0,36.0,29.0,34.0,18.0,20.0,24.0,24.0,9.0,17.0,22.0,24.0,24.0,24.0,23.0,24.0,26.0,25.0,7.0,25.0,19.0,21.0,38.0,31.0,32.0,28.0,10.0,2.0,1.0,0.0,0.0,0.0,0.0,0.0,0.0,14.0,15.0,23.0,-2.0,15.0,2.0,22.0,0.0,0.0,0.0,12.0,,,,,,,,,,,,,,,,,,,,,,,,,,,,,,,,,,,,,,,,,,,,,,,,,,,,,,,,,,,,,,,,,,,,,,,,,,,,,,,,,,,,,,,,,,,,,,,,,,,,,,,,,,,,,,,,,,,,,,,,,,,,,,,,,,,,,,,,,,,,,,,,,,,,,,,,,,,,,,,,,,,,,
75,25,38,26,35,33,40,18,29,0,38,16,19,15,34,28,32,8,28,3,0.0,0.0,-7.0,-14.0,-9.0,0.0,14.0,28.0,27.0,10.0,84.0,49.0,61.0,34.0,35.0,17.0,16.0,0.0,27.0,28.0,37.0,35.0,47.0,16.0,40.0,45.0,25.0,12.0,11.0,12.0,14.0,11.0,40.0,21.0,18.0,0.0,0.0,0.0,0.0,0.0,0.0,7.0,12.0,0.0,12.0,0.0,9.0,0.0,9.0,,,,,,,,,,,,,,,,,,,,,,,,,,,,,,,,,,,,,,,,,,,,,,,,,,,,,,,,,,,,,,,,,,,,,,,,,,,,,,,,,,,,,,,,,,,,,,,,,,,,,,,,,,,,,,,,,,,,,,,,,,,,,,,,,,,,,,,,,,,,,,,,,,,,,,,,,,,,,,,,,,,,,,,,,,,,,,,,,,,,,,,,,,,,,,,,,,,,,,,,,,,
76,24,51,44,67,53,54,46,54,47,53,56,70,52,57,22,39,45,70,36,44.0,42.0,4.0,-22.0,-14.0,-78.0,-52.0,-101.0,-59.0,-153.0,-80.0,-133.0,-153.0,-174.0,-169.0,-159.0,-158.0,-254.0,-190.0,-260.0,-237.0,-266.0,-231.0,-269.0,-235.0,-249.0,-223.0,-245.0,-237.0,-228.0,-219.0,-253.0,-176.0,-209.0,-179.0,-194.0,-196.0,-175.0,-84.0,-83.0,40.0,-74.0,85.0,93.0,90.0,-23.0,-11.0,-11.0,3.0,0.0,21.0,0.0,-29.0,0.0,0.0,0.0,0.0,-90.0,-40.0,-168.0,-172.0,-140.0,-108.0,-145.0,-140.0,-183.0,-187.0,-166.0,-141.0,-596.0,-760.0,-785.0,-802.0,-824.0,-841.0,-1045.0,-1117.0,-1286.0,-1402.0,-1448.0,-1482.0,-1492.0,-1512.0,-1512.0,-1214.0,,,,,,,,,,,,,,,,,,,,,,,,,,,,,,,,,,,,,,,,,,,,,,,,,,,,,,,,,,,,,,,,,,,,,,,,,,,,,,,,,,,,,,,,,,,,,,,,,,,,,,,,,,,,,,,,,,,,,,,,,,,,,,,,,,,,,,,,,,,,,,,,,,,,,,,,,,,,,,,,,,,,,,,
77,13,33,30,25,16,30,27,23,20,23,22,25,9,27,22,20,0,38,12,23.0,32.0,38.0,32.0,38.0,-31.0,18.0,-15.0,42.0,41.0,47.0,25.0,45.0,55.0,34.0,21.0,24.0,9.0,25.0,24.0,46.0,0.0,48.0,9.0,18.0,4.0,25.0,18.0,46.0,7.0,44.0,32.0,64.0,52.0,42.0,19.0,34.0,39.0,92.0,91.0,78.0,73.0,120.0,73.0,86.0,80.0,158.0,169.0,193.0,217.0,234.0,237.0,244.0,212.0,232.0,234.0,248.0,85.0,108.0,74.0,62.0,70.0,93.0,61.0,125.0,58.0,75.0,37.0,46.0,33.0,105.0,90.0,124.0,92.0,110.0,25.0,62.0,0.0,0.0,0.0,0.0,0.0,0.0,0.0,0.0,0.0,0.0,0.0,0.0,,,,,,,,,,,,,,,,,,,,,,,,,,,,,,,,,,,,,,,,,,,,,,,,,,,,,,,,,,,,,,,,,,,,,,,,,,,,,,,,,,,,,,,,,,,,,,,,,,,,,,,,,,,,,,,,,,,,,,,,,,,,,,,,,,,,,,,,,,,,,,,,,,,,,,,,,,,,,,,,,,,
